<?xml version="1.0" encoding="US-ASCII" ?>
    <!-- Field: Doc-Info; Name: Generator; Value: GoFiler Complete; Version: 5.2a -->
    <!-- Field: Doc-Info; Name: VendorURI; Value: http://www.novaworks.co -->
    <!-- Field: Doc-Info; Name: Source; Value: 197924 485BPOS.xfr; Date: 2020%2D03%2D09T21:20:50Z -->
    <!-- Field: Doc-Info; Name: Status; Value: 0x00000000 -->
<xbrli:xbrl xmlns:xsi="http://www.w3.org/2001/XMLSchema-instance" xmlns:xlink="http://www.w3.org/1999/xlink" xmlns:link="http://www.xbrl.org/2003/linkbase" xmlns:xbrli="http://www.xbrl.org/2003/instance" xmlns:xbrldt="http://xbrl.org/2005/xbrldt" xmlns:xbrldi="http://xbrl.org/2006/xbrldi" xmlns:dei="http://xbrl.sec.gov/dei/2018-01-31" xmlns:iso4217="http://www.xbrl.org/2003/iso4217" xmlns:rr="http://xbrl.sec.gov/rr/2018-01-31" xmlns:UFO="http://ProcureETFs.com/20200228">
    <link:schemaRef xlink:href="ufo-20200228.xsd" xlink:type="simple" />
    <xbrli:context id="AsOf2020-02-28">
      <xbrli:entity>
        <xbrli:identifier scheme="http://www.sec.gov/CIK">0001727398</xbrli:identifier>
      </xbrli:entity>
      <xbrli:period>
        <xbrli:startDate>2020-02-28</xbrli:startDate>
        <xbrli:endDate>2020-02-28</xbrli:endDate>
      </xbrli:period>
    </xbrli:context>
    <xbrli:context id="AsOf2020-02-28_custom_S000061584Member">
      <xbrli:entity>
        <xbrli:identifier scheme="http://www.sec.gov/CIK">0001727398</xbrli:identifier>
        <xbrli:segment>
          <xbrldi:explicitMember dimension="dei:LegalEntityAxis">UFO:S000061584Member</xbrldi:explicitMember>
        </xbrli:segment>
      </xbrli:entity>
      <xbrli:period>
        <xbrli:startDate>2020-02-28</xbrli:startDate>
        <xbrli:endDate>2020-02-28</xbrli:endDate>
      </xbrli:period>
    </xbrli:context>
    <xbrli:context id="AsOf2020-02-28_custom_S000061584Member_custom_C000199461Member">
      <xbrli:entity>
        <xbrli:identifier scheme="http://www.sec.gov/CIK">0001727398</xbrli:identifier>
        <xbrli:segment>
          <xbrldi:explicitMember dimension="dei:LegalEntityAxis">UFO:S000061584Member</xbrldi:explicitMember>
          <xbrldi:explicitMember dimension="rr:ProspectusShareClassAxis">UFO:C000199461Member</xbrldi:explicitMember>
        </xbrli:segment>
      </xbrli:entity>
      <xbrli:period>
        <xbrli:startDate>2020-02-28</xbrli:startDate>
        <xbrli:endDate>2020-02-28</xbrli:endDate>
      </xbrli:period>
    </xbrli:context>
    <xbrli:unit id="USD">
      <xbrli:measure>iso4217:USD</xbrli:measure>
    </xbrli:unit>
    <xbrli:unit id="Ratio">
      <xbrli:measure>xbrli:pure</xbrli:measure>
    </xbrli:unit>
    <dei:DocumentType contextRef="AsOf2020-02-28">485BPOS</dei:DocumentType>
    <dei:DocumentPeriodEndDate contextRef="AsOf2020-02-28">2020-02-28</dei:DocumentPeriodEndDate>
    <dei:EntityRegistrantName contextRef="AsOf2020-02-28">Procure ETF Trust II</dei:EntityRegistrantName>
    <dei:EntityCentralIndexKey contextRef="AsOf2020-02-28">0001727398</dei:EntityCentralIndexKey>
    <dei:EntityInvCompanyType contextRef="AsOf2020-02-28">N-1A</dei:EntityInvCompanyType>
    <dei:AmendmentFlag contextRef="AsOf2020-02-28">false</dei:AmendmentFlag>
    <dei:DocumentCreationDate contextRef="AsOf2020-02-28">2020-02-28</dei:DocumentCreationDate>
    <dei:DocumentEffectiveDate contextRef="AsOf2020-02-28">2020-03-10</dei:DocumentEffectiveDate>
    <rr:ProspectusDate contextRef="AsOf2020-02-28">2020-02-28</rr:ProspectusDate>
    <rr:RiskReturnHeading contextRef="AsOf2020-02-28_custom_S000061584Member">Procure Space ETF</rr:RiskReturnHeading>
    <rr:ObjectiveHeading contextRef="AsOf2020-02-28_custom_S000061584Member">Investment Objective</rr:ObjectiveHeading>
    <rr:ExpenseHeading contextRef="AsOf2020-02-28_custom_S000061584Member">Fees and Expenses of the Fund</rr:ExpenseHeading>
    <rr:OperatingExpensesCaption contextRef="AsOf2020-02-28_custom_S000061584Member">Annual Fund Operating Expenses (expenses that you pay each year as a percentage of the value of your investment):</rr:OperatingExpensesCaption>
    <rr:ExpenseExampleHeading contextRef="AsOf2020-02-28_custom_S000061584Member">Example.</rr:ExpenseExampleHeading>
    <rr:ExpenseExampleYear01 contextRef="AsOf2020-02-28_custom_S000061584Member_custom_C000199461Member" unitRef="USD" decimals="0">174</rr:ExpenseExampleYear01>
    <rr:ExpenseExampleYear03 contextRef="AsOf2020-02-28_custom_S000061584Member_custom_C000199461Member" unitRef="USD" decimals="0">539</rr:ExpenseExampleYear03>
    <rr:ExpenseExampleYear05 contextRef="AsOf2020-02-28_custom_S000061584Member_custom_C000199461Member" unitRef="USD" decimals="0">928</rr:ExpenseExampleYear05>
    <rr:ExpenseExampleYear10 contextRef="AsOf2020-02-28_custom_S000061584Member_custom_C000199461Member" unitRef="USD" decimals="0">2019</rr:ExpenseExampleYear10>
    <rr:PortfolioTurnoverHeading contextRef="AsOf2020-02-28_custom_S000061584Member">Portfolio Turnover</rr:PortfolioTurnoverHeading>
    <rr:StrategyHeading contextRef="AsOf2020-02-28_custom_S000061584Member">Principal Investment Strategy</rr:StrategyHeading>
    <rr:RiskHeading contextRef="AsOf2020-02-28_custom_S000061584Member">Principal Risks</rr:RiskHeading>
    <rr:BarChartAndPerformanceTableHeading contextRef="AsOf2020-02-28_custom_S000061584Member">Performance Information</rr:BarChartAndPerformanceTableHeading>
    <rr:RiskLoseMoney contextRef="AsOf2020-02-28_custom_S000061584Member">The value of an investment in the Fund will fluctuate and you could lose money by investing in the Fund.</rr:RiskLoseMoney>
    <rr:ObjectivePrimaryTextBlock contextRef="AsOf2020-02-28_custom_S000061584Member">&lt;p style="font: 8pt Times New Roman, Times, Serif; margin: 0"&gt;Procure Space ETF (the &amp;#8220;Fund&amp;#8221;) seeks investment results&#13;that correspond generally to the performance, before the Fund&amp;#8217;s fees and expenses, of an equity index called the &amp;#8220;S-Network&#13;Space Index&amp;#8221; (the &amp;#8220;Underlying Index&amp;#8221;) developed by S-Network Global Indexes (the &amp;#8220;Index Provider&amp;#8221;).&lt;/p&gt;</rr:ObjectivePrimaryTextBlock>
    <rr:ExpenseNarrativeTextBlock contextRef="AsOf2020-02-28_custom_S000061584Member">&lt;p style="font: 8pt Times New Roman, Times, Serif; margin: 0; text-align: justify"&gt;This table describes the fees and expenses&#13;that you may pay if you buy and hold shares of the Fund (&amp;#8220;Shares&amp;#8221;). Investors purchasing Shares of the Fund in the&#13;Secondary Market may be subject to costs (including customary brokerage commissions) charged by their broker.&lt;/p&gt;</rr:ExpenseNarrativeTextBlock>
    <rr:ShareholderFeesCaption contextRef="AsOf2020-02-28_custom_S000061584Member">No shareholder fees are levied by the Fund for purchases and sales made on the Secondary Market.</rr:ShareholderFeesCaption>
    <rr:ExpenseFootnotesTextBlock contextRef="AsOf2020-02-28_custom_S000061584Member">&lt;p style="text-align: justify; font: 12pt Times New Roman, Times, Serif; margin-top: 0pt; margin-bottom: 0pt"&gt;&lt;font style="font-size: 8pt"&gt;ProcureAM, LLC, the investment adviser to the Fund, has voluntarily agreed to waive its expenses and reimburse the Fund to the extent necessary to ensure that Total Annual Fund Operating Expenses do not exceed 0.75%.&lt;/font&gt;&lt;/p&gt;</rr:ExpenseFootnotesTextBlock>
    <rr:ExpenseExampleNarrativeTextBlock contextRef="AsOf2020-02-28_custom_S000061584Member">&lt;p style="font: 8pt Times New Roman, Times, Serif; margin: 0"&gt;This example is intended to help you compare the cost of investing&#13;in the Fund with the cost of investing in other funds. This example does not take into account brokerage commissions that you pay&#13;when purchasing or selling Shares of the Fund.&lt;/p&gt;&#13;&#13;&lt;p style="font: 8pt Times New Roman, Times, Serif; margin: 0; text-align: justify"&gt;&amp;#160;&lt;/p&gt;&#13;&#13;&lt;p style="font: 8pt Times New Roman, Times, Serif; margin: 0; text-align: justify"&gt;The example assumes that you invest $10,000&#13;in the Fund for the time periods indicated and then redeem all of your Shares at the end of those periods. The example also assumes&#13;that your investment has a 5% return each year and that the Fund&amp;#8217;s operating expenses remain at current levels. The return&#13;of 5% and estimated expenses are for illustration purposes only and should not be considered indicators of expected Fund expenses&#13;or performance, which may be greater or less than the estimates. Although your actual costs may be higher or lower, based on these&#13;assumptions your costs would be:&lt;/p&gt;</rr:ExpenseExampleNarrativeTextBlock>
    <rr:ExpenseExampleWithRedemptionTableTextBlock contextRef="AsOf2020-02-28_custom_S000061584Member">&lt;div style="display: none"&gt;~ http://xbrl.sec.gov/rr/role/ExpenseExample column period compact * column dei_LegalEntityAxis compact UFO_S000061584Member column rr_ProspectusShareClassAxis compact * row primary compact * ~&lt;/div&gt;</rr:ExpenseExampleWithRedemptionTableTextBlock>
    <rr:PortfolioTurnoverTextBlock contextRef="AsOf2020-02-28_custom_S000061584Member">&lt;p style="font: 8pt Times New Roman, Times, Serif; margin: 0; text-align: justify"&gt;The Fund pays transaction costs, such as commissions,&#13;when it buys and sells securities (or &amp;#8220;turns over&amp;#8221; its portfolio). A higher portfolio turnover rate may indicate higher&#13;transaction costs and may result in higher taxes when Shares are held in a taxable account. These costs, which are not reflected&#13;in annual fund operating expenses or in the Example, affect the Fund&amp;#8217;s performance. The Fund will rebalance quarterly and&#13;hence annual turnover is expected to be less than 20% due to Underlying Index rules regarding corporate actions and bankruptcy.&#13;For the period from the Fund's commencement of operations on April 10, 2019 to the fiscal year ended October 31, 2019, the portfolio&#13;turnover rate of the Fund was 17%.&lt;/p&gt;</rr:PortfolioTurnoverTextBlock>
    <rr:StrategyNarrativeTextBlock contextRef="AsOf2020-02-28_custom_S000061584Member">&lt;p style="font: 8pt Times New Roman, Times, Serif; margin: 0"&gt;&lt;b&gt;Principal&amp;#160;Investment Objective&amp;#160;&lt;/b&gt;&lt;/p&gt;&#13;&#13;&lt;p style="font: 8pt Times New Roman, Times, Serif; margin: 0"&gt;&amp;#160;&lt;/p&gt;&#13;&#13;&lt;p style="font: 8pt Times New Roman, Times, Serif; margin: 0; text-align: justify"&gt;The Fund invests, under normal circumstances,&#13;at least 80% of its net assets in companies of the Underlying Index that receive at least 50% of their revenues or profits from&#13;space-related businesses, as described below. This policy is &amp;#8220;non-fundamental,&amp;#8221; which means that it may be changed&#13;without the majority of the Fund&amp;#8217;s outstanding shares as defined in the Investment Company Act of 1940, as amended (the &amp;#8220;1940&#13;Act&amp;#8221;). The Fund will provide at least 60 days&amp;#8217; prior written notice of any changes in such non-fundamental policy.&lt;/p&gt;&#13;&#13;&lt;p style="font: 8pt Times New Roman, Times, Serif; margin: 0"&gt;&amp;#160;&lt;/p&gt;&#13;&#13;&lt;p style="font: 8pt Times New Roman, Times, Serif; margin: 0"&gt;&lt;b&gt;Principal Investment Strategy&lt;/b&gt;&lt;/p&gt;&#13;&#13;&lt;p style="font: 8pt Times New Roman, Times, Serif; margin: 0"&gt;&amp;#160;&lt;/p&gt;&#13;&#13;&lt;p style="font: 8pt Times New Roman, Times, Serif; margin: 0; text-align: justify"&gt;The Fund, using a &amp;#8220;passive&amp;#8221; or &amp;#8220;indexing&amp;#8221;&#13;investment approach, seeks investment results that correlate to the performance, before the Fund&amp;#8217;s fees and expenses, of&#13;the Underlying Index which tracks a portfolio of companies engaged in space-related businesses, including those companies utilizing&#13;satellite technology. The Fund will provide shareholders with at least 60 days&amp;#8217; written notice prior to any material change&#13;in this Fund&amp;#8217;s investment strategy.&lt;/p&gt;&#13;&#13;&lt;p style="font: 8pt Times New Roman, Times, Serif; margin: 0"&gt;&amp;#160;&lt;/p&gt;&#13;&#13;&lt;p style="font: 8pt Times New Roman, Times, Serif; margin: 0; text-align: justify"&gt;The Board of Trustees (the &amp;#8220;Board&amp;#8221;)&#13;of the Trust may change the Fund&amp;#8217;s investment strategy, index provider or other policies without shareholder approval. Also,&#13;in certain circumstances, it may not be possible or practicable to purchase all of the component securities that make up the Underlying&#13;Index. In those circumstances, the Fund may purchase a sample of the component securities in the Underlying Index in proportions&#13;expected by the Advisor to deliver the performance of the Underlying Index. There may also be instances when the Advisor may choose&#13;to overweight another component security in the Underlying Index or purchase (or sell) securities not in the Underlying Index,&#13;which the Advisor believes are an appropriate substitute for one or more Underlying Index components in seeking to accurately track&#13;the Underlying Index, such as: (i) regulatory requirements possibly affecting the Fund&amp;#8217;s ability to hold a security in the&#13;Underlying Index, or (ii) liquidity concerns possibly affecting the Fund&amp;#8217;s ability to purchase or sell a security in the&#13;Underlying Index. In addition, from time to time, securities are added to or removed from the Underlying Index. The Fund may sell&#13;securities that are represented in the Underlying Index or purchase securities that are not yet represented in the Underlying Index&#13;in anticipation of their removal from or addition to the Underlying Index pursuant to scheduled reconstitutions and rebalancing&#13;of the Underlying Index. The Fund will concentrate its investments (i.e., invest 25% or more of its assets) in securities issued&#13;by companies whose principal business activities are in the same industry or group of industries to the extent the Underlying Index&#13;is so concentrated. As of February 21, 2020, the Index was concentrated in the securities of companies that utilize satellite technology,&#13;which represent a significant portion of the Underlying Index. The Fund is &amp;#8220;non-diversified&amp;#8221; for purposes of the 1940&#13;Act, which means that the Fund may invest in fewer securities at any one time than a diversified fund.&lt;/p&gt;&#13;&#13;&lt;p style="font: 8pt Times New Roman, Times, Serif; margin: 0"&gt;&amp;#160;&lt;/p&gt;&#13;&#13;&lt;p style="font: 8pt Times New Roman, Times, Serif; margin: 0"&gt;&lt;b&gt;The Underlying Index&lt;/b&gt;&lt;/p&gt;&#13;&#13;&lt;p style="font: 8pt Times New Roman, Times, Serif; margin: 0"&gt;&amp;#160;&lt;/p&gt;&#13;&#13;&lt;p style="font: 8pt Times New Roman, Times, Serif; margin: 0; text-align: justify"&gt;The Fund has licensed as its Underlying Index&#13;the S-Network Space Index, an equity securities index created and developed by S-Network Global Indexes, Inc. (the &amp;#8220;Index&#13;Provider&amp;#8221;), a developer and publisher of custom and proprietary indexes. The Index Provider is independent of, and not affiliated&#13;with, either the Fund or the Advisor. The Underlying Index is designed to serve as an equity benchmark for a globally traded portfolio&#13;of companies that are engaged in space-related business, such as those utilizing satellite technology. The component companies&#13;of the Underlying Index are small-capitalization, medium-capitalization, and large-capitalization equity securities listed on recognized&#13;global stock exchanges. As of February 21, 2020, the Underlying Index is focused on U.S. companies, which account for approximately&#13;82% of its index components. In addition, the Underlying Index is considered concentrated in the securities of companies that utilize&#13;satellite technology, which currently account for approximately 70% of the index weight. The Underlying Index is a modified capitalization-weighted,&#13;free float- and space revenue percentage-adjusted equity index that is created and maintained according to a rules-based methodology&#13;and a predetermined selection process.&lt;/p&gt;&#13;&#13;&lt;p style="font: 8pt Times New Roman, Times, Serif; margin: 0"&gt;&amp;#160;&lt;/p&gt;&#13;&#13;&lt;p style="font: 8pt Times New Roman, Times, Serif; margin: 0; text-align: justify"&gt;Although there is no legal definition of &amp;#8220;space,&amp;#8221;&#13;a commonly accepted definition is that the edge of space begins at the K&amp;#225;rm&amp;#225;n line, which is 100 kilometers (62 miles)&#13;above the Earth&amp;#8217;s surface. This is approximately the point where there is not enough air to provide lift to a winged vehicle.&#13;This definition is supported by the F&amp;#233;d&amp;#233;ration A&amp;#233;ronautique Internationale (an international aeronautics and astronautics&#13;standards-setting body), as well as many other organizations.&lt;/p&gt;&#13;&#13;&lt;p style="font: 8pt Times New Roman, Times, Serif; margin: 0"&gt;&amp;#160;&lt;/p&gt;&#13;&#13;&lt;p style="font: 8pt Times New Roman, Times, Serif; margin: 0; text-align: justify"&gt;The Index Provider considers a company to be&#13;in a &amp;#8220;space-related business&amp;#8221; if its product(s) or service(s) either have as their essential purpose &amp;#8212; or are&#13;entirely dependent upon &amp;#8212; &amp;#8220;space-based functions&amp;#8221;. Space-based functions include any kind of function carried&#13;out by hardware, software, or humans physically located in space. The revenue produced by space-related business is referred to&#13;as &amp;#8220;space-related revenues.&amp;#8221;&lt;/p&gt;&#13;&#13;&lt;p style="font: 8pt Times New Roman, Times, Serif; margin: 0"&gt;&amp;#160;&lt;/p&gt;&#13;&#13;&lt;p style="font: 8pt Times New Roman, Times, Serif; margin: 0; text-align: justify"&gt;Examples of current space-related businesses&#13;(or &amp;#8220;Space Industry Segments&amp;#8221;) include satellite-based telecommunications; transmission of television and radio content&#13;via satellite; rocket and satellite manufacturing, deployment, operation, and maintenance; manufacturing of ground equipment that&#13;is used with satellite systems; space technology and hardware; and space-based imagery and intelligence services.&lt;/p&gt;&#13;&#13;&lt;p style="font: 8pt Times New Roman, Times, Serif; margin: 0"&gt;&amp;#160;&lt;/p&gt;&#13;&#13;&lt;p style="font: 8pt Times New Roman, Times, Serif; margin: 0; text-align: justify"&gt;In the case of companies that make products&#13;that go into space (such as launch vehicles), or companies that operate or maintain systems used in space (such as satellites),&#13;the space-related nature of the business is clear. In the case of companies whose products and services are used wholly on Earth,&#13;space must play an essential role in the business. For example, a company that manufactures GPS navigation systems as its primary&#13;business is wholly dependent upon those products&amp;#8217; GPS satellite connectivity and therefore is engaged in a space-related&#13;business. By contrast, an automaker that incorporates a GPS navigation system into its automobiles is not considered to be engaged&#13;in a space-related business because the GPS system is not essential to the operation of the automobile and accounts for a negligible&#13;part of the selling price.&lt;/p&gt;&#13;&#13;&lt;p style="font: 8pt Times New Roman, Times, Serif; margin: 0"&gt;&amp;#160;&lt;/p&gt;&#13;&#13;&lt;p style="font: 8pt Times New Roman, Times, Serif; margin: 0; text-align: justify"&gt;In addition to companies exclusively focused&#13;on space, the Underlying Index includes certain companies whose products and services span both space-related and other types of&#13;businesses. An example of such a company would be a defense contractor that manufactures systems and hardware involving space but&#13;does not derive a sufficient percentage of its revenues from space to qualify as a non-diversified space company. Another example&#13;would be a company that transmits television or radio content both via satellite and via terrestrial wired or wireless services;&#13;its space-related revenue is considered to be only that which is derived from customers who subscribe to content delivery via satellite.&lt;/p&gt;&#13;&#13;&lt;p style="font: 8pt Times New Roman, Times, Serif; margin: 0"&gt;&amp;#160;&lt;/p&gt;&#13;&#13;&lt;p style="font: 8pt Times New Roman, Times, Serif; margin: 0; text-align: justify"&gt;The Index Provider believes that in the future,&#13;additional companies engaged in other space-related businesses will emerge. These businesses would include space colonization/infrastructure;&#13;space resource exploration/extraction; space-based military/defense systems; space tourism, including transportation and hospitality;&#13;and space technologies that enable the space economy.&lt;/p&gt;&#13;&#13;&lt;p style="font: 8pt Times New Roman, Times, Serif; margin: 0"&gt;&amp;#160;&lt;/p&gt;&#13;&#13;&lt;p style="font: 8pt Times New Roman, Times, Serif; margin: 0"&gt;&lt;b&gt;The Underlying Index Security Selection and Weighting Process&lt;/b&gt;&lt;/p&gt;&#13;&#13;&lt;p style="font: 8pt Times New Roman, Times, Serif; margin: 0"&gt;&amp;#160;&lt;/p&gt;&#13;&#13;&lt;p style="font: 8pt Times New Roman, Times, Serif; margin: 0; text-align: justify"&gt;Each candidate for inclusion as a component&#13;of the Underlying Index must first meet all of the following eligibility criteria: (a) listing on a national stock exchange in&#13;any geographic region, (b) being engaged in one or more of the Space Industry Segments, and (c) having a three-month average daily&#13;trading volume of at least USD 1,000,000 on each Underlying Index semi-annual reconstitution snapshot date, which is the last trading&#13;day of the month prior to a reconstitution date. If a company&amp;#8217;s stock has been trading for less than three calendar months,&#13;but more than 22 trading days, the company&amp;#8217;s average daily trading volume for its entire trading history shall be used to&#13;calculate turnover eligibility.&lt;/p&gt;&#13;&#13;&lt;p style="font: 8pt Times New Roman, Times, Serif; margin: 0"&gt;&amp;#160;&lt;/p&gt;&#13;&#13;&lt;p style="font: 8pt Times New Roman, Times, Serif; margin: 0; text-align: justify"&gt;The Index Provider&amp;#8217;s assessment of whether&#13;a company is engaged in one or more of the Space Industry Segments (per the criteria listed above) is based on mention of space-related&#13;business in the company&amp;#8217;s annual filings. In addition, a company&amp;#8217;s space-related revenue must constitute either (a)&#13;a minimum of 20% of the company&amp;#8217;s total annual revenue, or (b) more than $500 million in annual revenue. In all cases, space-related&#13;revenues are determined through review by the Index Provider of the company&amp;#8217;s regulatory filings and investor-focused materials,&#13;including quarterly earnings announcements and analyst presentations, as well as other reliable data sources. Space revenues are&#13;then divided by the company&amp;#8217;s total revenues to determine its percentage of space-related revenues. Accordingly, the Underlying&#13;Index methodology considers the factual reporting of revenue statistics rather than more subjective factors to determine eligibility.&lt;/p&gt;&#13;&#13;&lt;p style="font: 8pt Times New Roman, Times, Serif; margin: 0"&gt;&amp;#160;&lt;/p&gt;&#13;&#13;&lt;p style="font: 8pt Times New Roman, Times, Serif; margin: 0; text-align: justify"&gt;The screening process discussed above identifies&#13;candidate stocks according to their Global Industry Classification Standard (&amp;#8220;GICS&amp;#8221;) sub-industry, and then reviews&#13;them to ensure that such companies meet at least one of the following additional criteria for inclusion as a component of the Underlying&#13;Index:&lt;/p&gt;&#13;&#13;&lt;p style="font: 8pt Times New Roman, Times, Serif; margin: 0"&gt;&amp;#160;&lt;/p&gt;&#13;&#13;&lt;table cellspacing="3" cellpadding="0" style="width: 100%"&gt;&#13;&lt;tr&gt;&#13;    &lt;td style="vertical-align: top; width: 24px; font: 12pt Times New Roman, Times, Serif"&gt;&lt;font style="font-size: 8pt"&gt;&amp;#9679;&lt;/font&gt;&lt;/td&gt;&#13;    &lt;td style="padding: 0.75pt; font: 12pt Times New Roman, Times, Serif; text-align: justify"&gt;&lt;font style="font-size: 8pt"&gt;the company was a &amp;#8220;prime manufacturer&amp;#8221; (i.e., the contractor responsible for managing subcontractors and delivering the product to the customer) for a satellite in the past five years;&lt;/font&gt;&lt;/td&gt;&lt;/tr&gt;&#13;&lt;/table&gt;&#13;&lt;p style="font: 8pt Times New Roman, Times, Serif; margin: 0"&gt;&amp;#160;&lt;/p&gt;&#13;&#13;&lt;table cellspacing="3" cellpadding="0" style="width: 100%"&gt;&#13;&lt;tr&gt;&#13;    &lt;td style="vertical-align: top; width: 24px; font: 12pt Times New Roman, Times, Serif"&gt;&lt;font style="font-size: 8pt"&gt;&amp;#9679;&lt;/font&gt;&lt;/td&gt;&#13;    &lt;td style="padding: 0.75pt; font: 12pt Times New Roman, Times, Serif; text-align: justify"&gt;&lt;font style="font-size: 8pt"&gt;the company was a &amp;#8220;prime manufacturer&amp;#8221; or operator of a launch vehicle in the past five years;&lt;/font&gt;&lt;/td&gt;&lt;/tr&gt;&#13;&lt;/table&gt;&#13;&lt;p style="font: 8pt Times New Roman, Times, Serif; margin: 0"&gt;&amp;#160;&lt;/p&gt;&#13;&#13;&lt;table cellspacing="3" cellpadding="0" style="width: 100%"&gt;&#13;&lt;tr&gt;&#13;    &lt;td style="vertical-align: top; width: 24px; font: 12pt Times New Roman, Times, Serif"&gt;&lt;font style="font-size: 8pt"&gt;&amp;#9679;&lt;/font&gt;&lt;/td&gt;&#13;    &lt;td style="padding: 0.75pt; font: 12pt Times New Roman, Times, Serif; text-align: justify"&gt;&lt;font style="font-size: 8pt"&gt;the company currently operates or utilizes satellites;&lt;/font&gt;&lt;/td&gt;&lt;/tr&gt;&#13;&lt;/table&gt;&#13;&lt;p style="font: 8pt Times New Roman, Times, Serif; margin: 0"&gt;&amp;#160;&lt;/p&gt;&#13;&#13;&lt;table cellspacing="3" cellpadding="0" style="width: 100%"&gt;&#13;&lt;tr&gt;&#13;    &lt;td style="vertical-align: top; width: 24px; font: 12pt Times New Roman, Times, Serif"&gt;&lt;font style="font-size: 8pt"&gt;&amp;#9679;&lt;/font&gt;&lt;/td&gt;&#13;    &lt;td style="padding: 0.75pt; font: 12pt Times New Roman, Times, Serif; text-align: justify"&gt;&lt;font style="font-size: 8pt"&gt;the company manufactures space vehicle components (for satellites, launch vehicles, or other spacecraft); or&lt;/font&gt;&lt;/td&gt;&lt;/tr&gt;&#13;&lt;/table&gt;&#13;&lt;p style="font: 8pt Times New Roman, Times, Serif; margin: 0"&gt;&amp;#160;&lt;/p&gt;&#13;&#13;&lt;table cellspacing="3" cellpadding="0" style="width: 100%"&gt;&#13;&lt;tr&gt;&#13;    &lt;td style="vertical-align: top; width: 24px; font: 12pt Times New Roman, Times, Serif"&gt;&lt;font style="font-size: 8pt"&gt;&amp;#9679;&lt;/font&gt;&lt;/td&gt;&#13;    &lt;td style="padding: 0.75pt; font: 12pt Times New Roman, Times, Serif; text-align: justify"&gt;&lt;font style="font-size: 8pt"&gt;the company manufactures ground equipment dependent upon satellite systems.&lt;/font&gt;&lt;/td&gt;&lt;/tr&gt;&#13;&lt;/table&gt;&#13;&lt;p style="font: 8pt Times New Roman, Times, Serif; margin: 0"&gt;&amp;#160;&lt;/p&gt;&#13;&#13;&lt;p style="font: 8pt Times New Roman, Times, Serif; margin: 0; text-align: justify"&gt;The companies thus chosen for inclusion in the&#13;Underlying Index are separated into two tranches:&lt;/p&gt;&#13;&#13;&lt;p style="font: 8pt Times New Roman, Times, Serif; margin: 0"&gt;&amp;#160;&lt;/p&gt;&#13;&#13;&lt;p style="font: 8pt Times New Roman, Times, Serif; margin: 0; text-align: justify; text-indent: 0.5in"&gt;The first tranche (&amp;#8220;Non-diversified&#13;Tranche&amp;#8221;) comprises &amp;#8220;non-diversified&amp;#8221; companies that derive at least 50% (but typically 100%) of their total&#13;annual revenues from space-related business. Companies included in the Non-diversified Tranche are accorded an aggregate weight&#13;of 80% of the total Underlying Index weight (100%).&lt;/p&gt;&#13;&#13;&lt;p style="font: 8pt Times New Roman, Times, Serif; margin: 0"&gt;&amp;#160;&lt;/p&gt;&#13;&#13;&lt;p style="font: 8pt Times New Roman, Times, Serif; margin: 0; text-align: justify; text-indent: 0.5in"&gt;The second tranche (&amp;#8220;Diversified&#13;Tranche&amp;#8221;) comprises companies in which space-related business plays a significant role in the generation of revenues but&#13;produces less than 50% of total annual revenues. Companies included in the Diversified Tranche are accorded an aggregate weight&#13;of 20% of the total Underlying Index weight (100%).&lt;/p&gt;&#13;&#13;&lt;p style="font: 8pt Times New Roman, Times, Serif; margin: 0"&gt;&amp;#160;&lt;/p&gt;&#13;&#13;&lt;p style="font: 8pt Times New Roman, Times, Serif; margin: 0; text-align: justify"&gt;Each stock&amp;#8217;s weight within its respective&#13;tranche is determined by its &amp;#8220;Modified Market Capitalization,&amp;#8221; which is a company&amp;#8217;s full market capitalization&#13;that has been mathematically modified by one or more factors for the purpose of weighting in an index. Modified Market Capitalization&#13;for companies eligible for inclusion in the Underlying Index is determined by multiplying a) the company&amp;#8217;s full market capitalization&#13;by b) the company&amp;#8217;s &amp;#8220;Float Factor&amp;#8221; by c) the percentage of total revenues the company derives from space. A company&amp;#8217;s&#13;Modified Market Capitalization is a percentage of a company&amp;#8217;s total market capitalization ranging from 0% to 100%.&lt;/p&gt;&#13;&#13;&lt;p style="font: 8pt Times New Roman, Times, Serif; margin: 0"&gt;&amp;#160;&lt;/p&gt;&#13;&#13;&lt;p style="font: 8pt Times New Roman, Times, Serif; margin: 0; text-align: justify"&gt;The Float Factor is the percentage of the company&amp;#8217;s&#13;shares outstanding that are unencumbered from trading freely on the open market. It is determined by deducting shares that are&#13;a) restricted from sale to the public, b) held by a governmental entity, c) held by company insiders in size that requires reporting&#13;to the SEC or a similar international regulatory body (&amp;#62;5%) and/or d) held by investors in size subject to reporting to the&#13;SEC or a similar international regulatory body (&amp;#62;5%) from the company&amp;#8217;s total shares outstanding. The resulting percentage&#13;is the company&amp;#8217;s Float Factor.&lt;/p&gt;&#13;&#13;&lt;p style="font: 8pt Times New Roman, Times, Serif; margin: 0"&gt;&amp;#160;&lt;/p&gt;&#13;&#13;&lt;p style="font: 8pt Times New Roman, Times, Serif; margin: 0; text-align: justify"&gt;Next, the Non-diversified Tranche of the Underlying&#13;Index is given 80% of the weight of the Underlying Index and the Diversified Tranche is given 20% of the weight. The within-tranche&#13;weights for the Non-diversified Tranche are capped at 6%, with the excess weight redistributed proportionally to the remaining&#13;constituents within the same tranche. The within-tranche company weights for the Diversified Tranche are capped at 12%, with the&#13;excess weight redistributed proportionally to the remaining constituents within the same tranche. The final index weight of each&#13;component stock will then be the product of its within-tranche weight and the overall weight assigned to that stock&amp;#8217;s tranche&#13;(the tranche weight). Accordingly, the maximum weight of any constituent in the Non-diversified Tranche will be 4.8% (6% X 80%)&#13;and the maximum weight of any constituent in the Diversified Tranche will be 2.4% (12% X 20%).&lt;/p&gt;&#13;&#13;&lt;p style="font: 8pt Times New Roman, Times, Serif; margin: 0"&gt;&amp;#160;&lt;/p&gt;&#13;&#13;&lt;p style="font: 8pt Times New Roman, Times, Serif; margin: 0; text-align: justify"&gt;Capping is applied separately to each of the&#13;tranches. The following steps are taken to weight the constituents in the Underlying Index:&lt;/p&gt;&#13;&#13;&lt;p style="font: 8pt Times New Roman, Times, Serif; margin: 0"&gt;&amp;#160;&lt;/p&gt;&#13;&#13;&lt;p style="font: 8pt Times New Roman, Times, Serif; margin: 0; text-align: justify; text-indent: 0.5in"&gt;Step 1. Multiply each selected&#13;company&amp;#8217;s full market capitalization by its Float Factor.&lt;/p&gt;&#13;&#13;&lt;p style="font: 8pt Times New Roman, Times, Serif; margin: 0; text-indent: 0.5in"&gt;&amp;#160;&lt;/p&gt;&#13;&#13;&lt;p style="font: 8pt Times New Roman, Times, Serif; margin: 0; text-align: justify; text-indent: 0.5in"&gt;Step 2. Multiply each selected&#13;company&amp;#8217;s float market capitalization derived in Step 1 by its space-related revenue percentage.&lt;/p&gt;&#13;&#13;&lt;p style="font: 8pt Times New Roman, Times, Serif; margin: 0; text-indent: 0.5in"&gt;&amp;#160;&lt;/p&gt;&#13;&#13;&lt;p style="font: 8pt Times New Roman, Times, Serif; margin: 0; text-align: justify; text-indent: 0.5in"&gt;Step 3. The combination&#13;of Steps 1 &amp;#38; 2 above results in the company&amp;#8217;s Modified Market Capitalization, which is used to weight the companies included&#13;in the Non-diversified and Diversified tranches. Each tranche is weighted separately.&lt;/p&gt;&#13;&#13;&lt;p style="font: 8pt Times New Roman, Times, Serif; margin: 0; text-indent: 0.5in"&gt;&amp;#160;&lt;/p&gt;&#13;&#13;&lt;p style="font: 8pt Times New Roman, Times, Serif; margin: 0; text-align: justify; text-indent: 0.5in"&gt;Step 4. Capping procedures&#13;are then applied to each tranche separately. The capping procedure is implemented by identifying those companies whose uncapped&#13;weights are in excess of the desired cap weight. The weights of these companies are then set at the cap weight, and the weight&#13;over the cap weight is then redistributed across the remaining stocks in the exact proportion of the original weights of those&#13;stocks. Capping is applied separately to each of the tranches.&lt;/p&gt;&#13;&#13;&lt;p style="font: 8pt Times New Roman, Times, Serif; margin: 0; text-indent: 0.5in"&gt;&amp;#160;&lt;/p&gt;&#13;&#13;&lt;p style="font: 8pt Times New Roman, Times, Serif; margin: 0; text-align: justify; text-indent: 0.5in"&gt;Step 5. The weights derived&#13;in Step 4 are modified by the respective tranche weights (80% for the non-diversified tranche and 20% for the diversified tranche)&#13;to determine each stock&amp;#8217;s final Underlying Index weight.&lt;/p&gt;&#13;&#13;&lt;p style="font: 8pt Times New Roman, Times, Serif; margin: 0"&gt;&amp;#160;&lt;/p&gt;&#13;&#13;&lt;p style="font: 8pt Times New Roman, Times, Serif; margin: 0; text-align: justify"&gt;Although there is no stated maximum or minimum&#13;number of Underlying Index components required for inclusion in the Underlying Index, the Index Provider intends to conform to&#13;RIC diversification requirements as defined in Sub-Chapter M of the IRS code and, therefore, will maintain at least 22 component&#13;securities in the Underlying Index, nor will any stock have a weight greater than 25% of the total Underlying Index, and the combined&#13;weight of all stocks with weights greater than 5% will be less than 50%.&lt;/p&gt;&#13;&#13;&lt;p style="font: 8pt Times New Roman, Times, Serif; margin: 0"&gt;&amp;#160;&lt;/p&gt;&#13;&#13;&lt;p style="font: 8pt Times New Roman, Times, Serif; margin: 0; text-align: justify"&gt;The Underlying Index is reconstituted semi-annually&#13;by the Index Committee of the Index Provider in accordance with a rules-based process. Companies that are components of the Underlying&#13;Index will be screened periodically, and any company that no longer meets the eligibility criteria described above will be removed&#13;from the Underlying Index. Also, a candidate list of all identifiable companies engaged in the Space Industry Segments will be&#13;screened and companies will be added to the Underlying Index if they satisfy the screening criteria. Finally, the Underlying Index&#13;is rebalanced each quarter to reflect changes of more than 5% in the number of float-adjusted shares.&lt;/p&gt;&#13;&#13;&lt;p style="font: 8pt Times New Roman, Times, Serif; margin: 0"&gt;&amp;#160;&lt;/p&gt;&#13;&#13;&lt;p style="font: 8pt Times New Roman, Times, Serif; margin: 0; text-align: justify"&gt;As of February 21, 2020, the Underlying Index&#13;contained 30 constituents with market capitalizations ranging from $306 million to $276.5 billion. The inception date of the Underlying&#13;Index (when live calculation of the index values began) was May 7, 2018.&lt;/p&gt;&#13;&#13;&lt;p style="font: 8pt Times New Roman, Times, Serif; margin: 0"&gt;&amp;#160;&lt;/p&gt;&#13;&#13;&lt;p style="font: 8pt Times New Roman, Times, Serif; margin: 0; text-align: justify"&gt;In the future ProcureAM, LLC may seek exemptive&#13;relief to permit the Fund to replace any manager without shareholder approval, and the Board reserves the right to replace any&#13;manager with another manager without the approval of shareholders if the Board believes it is in the best interest of shareholders.&lt;/p&gt;&#13;&#13;&lt;p style="font: 8pt Times New Roman, Times, Serif; margin: 0"&gt;&amp;#160;&lt;/p&gt;</rr:StrategyNarrativeTextBlock>
    <rr:RiskNarrativeTextBlock contextRef="AsOf2020-02-28_custom_S000061584Member">&lt;p style="font: 8pt Times New Roman, Times, Serif; margin: 0; text-align: justify"&gt;Investors should consider the principal risks&#13;associated with investing in the Fund, which are summarized below. The value of an investment in the Fund will fluctuate and you&#13;could lose money by investing in the Fund. The Fund may not achieve its investment objective. The Fund&amp;#8217;s principal risks&#13;are presented in alphabetical order to facilitate finding particular risks and comparing them with other funds. Each risk summarized&#13;below is considered a &amp;#8220;principal risk&amp;#8221; of investing in the Fund, regardless of the order in which it appears. Different&#13;risks may be more significant at different times depending on market conditions or other factors.&lt;/p&gt;&#13;&#13;&lt;p style="font: 8pt Times New Roman, Times, Serif; margin: 0; text-align: justify"&gt;&amp;#160;&lt;/p&gt;&#13;&#13;&lt;p style="font: 8pt Times New Roman, Times, Serif; margin: 0; text-align: justify"&gt;&lt;i&gt;Aerospace and Defense Companies Risk -&lt;/i&gt;&#13;Aerospace and defense companies can be significantly affected by government aerospace and defense regulation and spending policies&#13;because companies involved in this industry rely to a significant extent on U.S. (and other) government demand for their products&#13;and services. Thus, the financial condition of, and investor interest in, aerospace and defense companies are heavily influenced&#13;by governmental defense spending policies which are typically under pressure from efforts to control the U.S. (and other) government&#13;budgets.&lt;/p&gt;&#13;&#13;&lt;p style="font: 8pt Times New Roman, Times, Serif; margin: 0; text-align: justify"&gt;&amp;#160;&lt;/p&gt;&#13;&#13;&lt;p style="font: 8pt Times New Roman, Times, Serif; margin: 0; text-align: justify"&gt;&lt;i&gt;Communication Services Risk&lt;/i&gt; - Companies&#13;in the communications sector may be affected by industry competition, substantial capital requirements, government regulation,&#13;cyclicality of revenues and earnings, obsolescence of communications products and services due to technological advancement, a&#13;potential decrease in the discretionary income of targeted individuals and changing consumer tastes and interests.&lt;/p&gt;&#13;&#13;&lt;p style="font: 8pt Times New Roman, Times, Serif; margin: 0; text-align: justify"&gt;&amp;#160;&lt;/p&gt;&#13;&#13;&lt;p style="font: 8pt Times New Roman, Times, Serif; margin: 0; text-align: justify"&gt;&lt;i&gt;Equity Securities Risk&lt;/i&gt;&amp;#8212;The prices&#13;of equity securities generally fluctuate in value more than fixed-income investments, may rise or fall rapidly or unpredictably&#13;and may reflect real or perceived changes in the issuing company&amp;#8217;s financial condition and changes in the overall market&#13;or economy. A decline in the value of equity securities held by the Fund will adversely affect the value of your investment in&#13;the Fund. Common stocks generally represent the riskiest investment in a company and dividend payments (if declared) to preferred&#13;stockholders generally rank junior to payments due to a company&amp;#8217;s debtholders. The Fund may lose a substantial part, or even&#13;all, of its investment in a company&amp;#8217;s stock. Certain equity securities may be difficult or impossible to sell at the time&#13;and the price that the Fund would like. The Fund may have to lower the price of the security, sell other securities instead or&#13;forego an investment opportunity, any of which could have a negative effect on Fund management or performance.&lt;/p&gt;&#13;&#13;&lt;p style="font: 8pt Times New Roman, Times, Serif; margin: 0; text-align: justify"&gt;&amp;#160;&lt;/p&gt;&#13;&#13;&lt;p style="font: 8pt Times New Roman, Times, Serif; margin: 0; text-align: justify"&gt;&lt;i&gt;Foreign Securities Risk&lt;/i&gt;&amp;#8212;The Underlying&#13;Index contains equities listed in foreign markets. These securities markets are subject to various regulations, market trading&#13;times and contractual settlement dates. Market liquidity may also differ from the U.S. equity markets as many foreign market shares&#13;trade OTC and prices are not published to the official exchanges until after the trades are completed. In addition, where all or&#13;a portion of the Fund&amp;#8217;s underlying securities trade in a market that is closed when the market in which the Fund&amp;#8217;s&#13;shares are listed and trading in that market is open, there may be changes between the last quote from its closed foreign market&#13;and the value of such security during the Fund&amp;#8217;s domestic trading day. Consequently, this could lead to differences between&#13;the market price of the Fund&amp;#8217;s shares and the value of the shares of its underlying portfolio holdings.&lt;/p&gt;&#13;&#13;&lt;p style="font: 8pt Times New Roman, Times, Serif; margin: 0; text-align: justify"&gt;&amp;#160;&lt;/p&gt;&#13;&#13;&lt;p style="font: 8pt Times New Roman, Times, Serif; margin: 0; text-align: justify"&gt;&lt;i&gt;Index Construction Risk&lt;/i&gt;&amp;#8212;A stock&#13;included in the Underlying Index may not exhibit the factor trait or provide specific factor exposure for which it was selected&#13;and consequently the Fund&amp;#8217;s holdings may not exhibit returns consistent with that factor trait.&lt;/p&gt;&#13;&#13;&lt;p style="font: 8pt Times New Roman, Times, Serif; margin: 0; text-align: justify"&gt;&amp;#160;&lt;/p&gt;&#13;&#13;&lt;p style="font: 8pt Times New Roman, Times, Serif; margin: 0; text-align: justify"&gt;&lt;i&gt;Issuer-Specific Changes Risk&lt;/i&gt;&amp;#8212;The&#13;value of an individual security or type of security can be more volatile than the total market and can perform differently from&#13;the value of the total market. The value of securities of smaller issuers can be more volatile than that of larger issuers.&lt;/p&gt;&#13;&#13;&lt;p style="font: 8pt Times New Roman, Times, Serif; margin: 0; text-align: justify"&gt;&amp;#160;&lt;/p&gt;&#13;&#13;&lt;p style="font: 8pt Times New Roman, Times, Serif; margin: 0; text-align: justify"&gt;&lt;i&gt;Large-Capitalization Securities Risk&lt;/i&gt;&amp;#8212;The&#13;Fund is subject to the risk that large-capitalization securities may underperform other segments of the equity market or the total&#13;equity market. Larger, more established companies may be unable to respond quickly to new competitive challenges such as changes&#13;in technology and may not be able to attain the high growth rate of smaller companies, especially during extended periods of economic&#13;expansion.&lt;/p&gt;&#13;&#13;&lt;p style="font: 8pt Times New Roman, Times, Serif; margin: 0"&gt;&amp;#160;&lt;/p&gt;&#13;&#13;&lt;p style="font: 8pt Times New Roman, Times, Serif; margin: 0; text-align: justify"&gt;&lt;i&gt;Liquidity Risk&lt;/i&gt;&amp;#8212;The Fund&amp;#8217;s&#13;shares are subject to liquidity risk, which means that, in stressed market conditions, the market for the Fund&amp;#8217;s shares may&#13;become less liquid in response to deteriorating liquidity in the markets for the Fund&amp;#8217;s underlying portfolio holdings. Please&#13;also note that this adverse effect on liquidity for the Fund&amp;#8217;s shares in turn could lead to differences between the market&#13;price of the Fund&amp;#8217;s shares and the underlying value of those shares. Further, the Underlying Index&amp;#8217;s screening process&#13;requires that each component security have a three month average trading volume minimum of $1,000,000 on the date of the Underlying&#13;Index&amp;#8217;s semi-annual reconstitution date, therefore the number of stocks available to the Underlying Index may be negatively&#13;affected during stressed market conditions.&lt;/p&gt;&#13;&#13;&lt;p style="font: 8pt Times New Roman, Times, Serif; margin: 0"&gt;&amp;#160;&lt;/p&gt;&#13;&#13;&lt;p style="font: 8pt Times New Roman, Times, Serif; margin: 0; text-align: justify"&gt;&lt;i&gt;Market Price Risk&lt;/i&gt;&amp;#8212;Shares are listed&#13;for trading on the Nasdaq Stock Market (the &amp;#8220;Exchange&amp;#8221; or &amp;#8220;NASDAQ&amp;#8221;) and are bought and sold in the Secondary&#13;Market at market prices. The market prices of Shares may fluctuate continuously during trading hours, in some cases materially,&#13;in response to changes in the net asset value (&amp;#8220;NAV&amp;#8221;) and supply and demand for Shares, among other factors. Although&#13;it is expected that the market price of Shares typically will remain closely correlated to the NAV, the market price will generally&#13;differ from the NAV because of timing reasons, supply and demand imbalances and other factors. As a result, the trading prices&#13;of Shares may deviate significantly from NAV during certain periods, especially those of market volatility. The Investment Advisor&#13;cannot predict whether Shares will trade above (premium), below (discount) or at their NAV prices. Thus, an investor may pay more&#13;than NAV when buying Shares in the Secondary Market and receive less than NAV when selling Shares in the Secondary Market.&lt;/p&gt;&#13;&#13;&lt;p style="font: 8pt Times New Roman, Times, Serif; margin: 0; text-align: justify"&gt;&amp;#160;&lt;/p&gt;&#13;&#13;&lt;p style="font: 8pt Times New Roman, Times, Serif; margin: 0; text-align: justify"&gt;&lt;i&gt;New Fund Risk&lt;/i&gt;&amp;#8212;The Fund is a new&#13;fund with a limited operating history. As a new Fund, there can be no assurance that it will grow to or maintain an economically&#13;viable size, in which case it may experience greater tracking error to its Underlying Index than it otherwise would at higher asset&#13;levels or it could ultimately liquidate.&lt;/p&gt;&#13;&#13;&lt;p style="font: 8pt Times New Roman, Times, Serif; margin: 0; text-align: justify"&gt;&amp;#160;&lt;/p&gt;&#13;&#13;&lt;p style="font: 8pt Times New Roman, Times, Serif; margin: 0; text-align: justify"&gt;&lt;i&gt;Non-Correlation Risk&lt;/i&gt;&amp;#8212;The Fund&amp;#8217;s&#13;return may not match the return of the Underlying Index. For example, the Fund incurs operating expenses not applicable to the&#13;Underlying Index, and incurs costs in buying and selling securities, especially when rebalancing the Fund&amp;#8217;s securities holdings&#13;to reflect changes in the composition of the Underlying Index. In addition, the performance of the Fund and the Underlying Index&#13;may vary due to asset valuation differences and differences between the Fund&amp;#8217;s portfolio and the Underlying Index resulting&#13;from legal restrictions, cash flows or operational inefficiencies.&lt;/p&gt;&#13;&#13;&lt;p style="font: 8pt Times New Roman, Times, Serif; margin: 0; text-align: justify"&gt;&amp;#160;&lt;/p&gt;&#13;&#13;&lt;p style="font: 8pt Times New Roman, Times, Serif; margin: 0; text-align: justify"&gt;&lt;i&gt;Non-Diversification Risk&lt;/i&gt;&amp;#8212;The Fund&#13;is classified as &amp;#8220;non-diversified.&amp;#8221; This means that the Fund may invest a large percentage of its assets in securities&#13;issued by or representing a small number of issuers. As a result, the Fund may be more susceptible to the risks associated with&#13;these particular issuers or to a single economic, political or regulatory occurrence affecting these issuers.&lt;/p&gt;&#13;&#13;&lt;p style="font: 8pt Times New Roman, Times, Serif; margin: 0; text-align: justify"&gt;&amp;#160;&lt;/p&gt;&#13;&#13;&lt;p style="font: 8pt Times New Roman, Times, Serif; margin: 0; text-align: justify"&gt;&lt;i&gt;Passive Management Risk&lt;/i&gt;&amp;#8212;Unlike&#13;many investment companies, the Fund is not &amp;#8220;actively&amp;#8221; managed. Therefore, it would not necessarily sell a security&#13;because the security&amp;#8217;s issuer was in financial trouble or defaulted on its obligations under the security, or whose credit&#13;rating was downgraded, unless that security is removed from the Underlying Index. In addition, the Fund will not otherwise take&#13;defensive positions in declining markets unless such positions are reflected in the Underlying Index.&lt;/p&gt;&#13;&#13;&lt;p style="font: 8pt Times New Roman, Times, Serif; margin: 0; text-align: justify"&gt;&amp;#160;&lt;/p&gt;&#13;&#13;&lt;p style="font: 8pt Times New Roman, Times, Serif; margin: 0; text-align: justify"&gt;&lt;i&gt;Satellite Companies Concentration Risk&lt;/i&gt;&amp;#8212;The&#13;Fund is considered to be concentrated in securities of companies that operate or utilize satellites which are subject to manufacturing&#13;delays, launch delays or failures, and operational and environmental risks (such as signal interference or space debris) that could&#13;limit their ability to utilize the satellites needed to deliver services to customers. Some companies that operate or utilize satellites&#13;do not carry commercial launch or in-orbit insurance for the full value of their satellites and could face significant impairment&#13;charges if the satellites experience full or partial failures. Rapid and significant technological changes in the satellite communications&#13;industry or in competing terrestrial industries may impair a company&amp;#8217;s competitive position and require significant additional&#13;capital expenditures. There are also regulatory risks associated with the allocation of orbital positions and spectrum under the&#13;International Telecommunication Union (&amp;#8220;ITU&amp;#8221;) and the regulatory bodies in each of the countries in which companies&#13;provide service. In addition, the ground facilities used for controlling satellites or relaying data between Earth and the satellites&#13;may be subject to operational and environmental risks (such as natural disasters) or licensing and regulatory risks. If a company&#13;does not obtain or maintain regulatory authorizations for its satellites and associated ground facilities, it may not be able to&#13;operate its existing satellites or expand its operations.&lt;/p&gt;&#13;&#13;&lt;p style="font: 8pt Times New Roman, Times, Serif; margin: 0; text-align: justify"&gt;&amp;#160;&lt;/p&gt;&#13;&#13;&lt;p style="font: 8pt Times New Roman, Times, Serif; margin: 0; text-align: justify"&gt;&lt;i&gt;Small and Mid-Capitalization Securities Risk&lt;/i&gt;&amp;#8212;The&#13;Fund may be subject to the risk that small- and mid-capitalization securities may underperform other segments of the equity market&#13;or the equity market as a whole. Securities of small- and mid-capitalization companies may experience much more price volatility,&#13;greater spreads between their bid and ask prices and significantly lower trading volumes than securities issued by large, more&#13;established companies. Accordingly, it may be difficult for the Fund to sell small- and mid-capitalization securities at a desired&#13;time or price. Small- and mid-capitalization companies tend to have inexperienced management as well as limited product and market&#13;diversification and financial resources. Small- and mid-capitalization companies have more speculative prospects for future growth,&#13;sustained earnings and market share than large companies, and may be more vulnerable to adverse economic, market or industry developments&#13;than large capitalization companies&lt;/p&gt;&#13;&#13;&lt;p style="font: 8pt Times New Roman, Times, Serif; margin: 0; text-align: justify"&gt;&amp;#160;&lt;/p&gt;&#13;&#13;&lt;p style="font: 8pt Times New Roman, Times, Serif; margin: 0; text-align: justify"&gt;&lt;i&gt;Space Industry Risk&lt;/i&gt;&amp;#8212;The exploration&#13;of space by private industry and the utilization of space assets is a business focused on the future and is witnessing new entrants&#13;into the market. This is a global event with a growing number of corporate participants looking to meet the future needs of a growing&#13;global population. Therefore, investments in the Fund will be riskier than traditional investments in established industry sectors&#13;and the growth of these companies may be slower and subject to setbacks as new technology advancements are made to expand into&#13;space.&lt;/p&gt;</rr:RiskNarrativeTextBlock>
    <rr:PerformanceNarrativeTextBlock contextRef="AsOf2020-02-28_custom_S000061584Member">&lt;p style="font: 8pt Times New Roman, Times, Serif; margin: 0; text-align: justify"&gt;The Fund is new and therefore does not have&#13;a performance history for a full calendar year. In the future, performance information for the Fund will be presented in this&#13;section. Updated performance information is also available on the Fund&amp;#8217;s website at &lt;i&gt;www.ProcureETFs.com&lt;/i&gt;&lt;/p&gt;</rr:PerformanceNarrativeTextBlock>
    <rr:StrategyPortfolioConcentration contextRef="AsOf2020-02-28_custom_S000061584Member">The Fund invests, under normal circumstances, at least 80% of its net assets in companies of the Underlying Index that receive at least 50% of their revenues or profits from space-related businesses, as described below. This policy is &#8220;non-fundamental,&#8221; which means that it may be changed without the majority of the Fund&#8217;s outstanding shares as defined in the Investment Company Act of 1940, as amended (the &#8220;1940 Act&#8221;). The Fund will provide at least 60 days&#8217; prior written notice of any changes in such non-fundamental policy.</rr:StrategyPortfolioConcentration>
    <rr:RiskNondiversifiedStatus contextRef="AsOf2020-02-28_custom_S000061584Member">Non-Diversification Risk&#8212;The Fund is classified as &#8220;non-diversified.&#8221; This means that the Fund may invest a large percentage of its assets in securities issued by or representing a small number of issuers. As a result, the Fund may be more susceptible to the risks associated with these particular issuers or to a single economic, political or regulatory occurrence affecting these issuers.</rr:RiskNondiversifiedStatus>
    <rr:PerformanceOneYearOrLess contextRef="AsOf2020-02-28_custom_S000061584Member">The Fund is new and therefore does not have a performance history for a full calendar year. </rr:PerformanceOneYearOrLess>
    <rr:PerformanceAvailabilityWebSiteAddress contextRef="AsOf2020-02-28_custom_S000061584Member">Updated performance information is also available on the Fund&#8217;s website at www.ProcureETFs.com</rr:PerformanceAvailabilityWebSiteAddress>
    <rr:ManagementFeesOverAssets contextRef="AsOf2020-02-28_custom_S000061584Member_custom_C000199461Member" unitRef="Ratio" decimals="INF">0.0075</rr:ManagementFeesOverAssets>
    <rr:DistributionAndService12b1FeesOverAssets contextRef="AsOf2020-02-28_custom_S000061584Member_custom_C000199461Member" unitRef="Ratio" decimals="INF">0.0000</rr:DistributionAndService12b1FeesOverAssets>
    <rr:OtherExpensesOverAssets contextRef="AsOf2020-02-28_custom_S000061584Member_custom_C000199461Member" unitRef="Ratio" decimals="INF">0.0096</rr:OtherExpensesOverAssets>
    <rr:Component1OtherExpensesOverAssets contextRef="AsOf2020-02-28_custom_S000061584Member_custom_C000199461Member" unitRef="Ratio" decimals="INF">0.0053</rr:Component1OtherExpensesOverAssets>
    <rr:Component2OtherExpensesOverAssets contextRef="AsOf2020-02-28_custom_S000061584Member_custom_C000199461Member" unitRef="Ratio" decimals="INF">0.0043</rr:Component2OtherExpensesOverAssets>
    <rr:Component3OtherExpensesOverAssets contextRef="AsOf2020-02-28_custom_S000061584Member_custom_C000199461Member" unitRef="Ratio" decimals="INF">0.0000</rr:Component3OtherExpensesOverAssets>
    <rr:ExpensesOverAssets contextRef="AsOf2020-02-28_custom_S000061584Member_custom_C000199461Member" unitRef="Ratio" decimals="INF">0.0171</rr:ExpensesOverAssets>
    <rr:AnnualFundOperatingExpensesTableTextBlock contextRef="AsOf2020-02-28_custom_S000061584Member">&lt;div style="display: none"&gt;~ http://xbrl.sec.gov/rr/role/OperatingExpensesData column period compact * column dei_LegalEntityAxis compact UFO_S000061584Member column rr_ProspectusShareClassAxis compact * row primary compact * ~&lt;/div&gt;</rr:AnnualFundOperatingExpensesTableTextBlock>
</xbrli:xbrl>
