<?xml version="1.0" encoding="US-ASCII" standalone="no"?>
    <!-- Field: Doc-Info; Name: Generator; Value: GoFiler Complete; Version: 5.2a -->
    <!-- Field: Doc-Info; Name: VendorURI; Value: http://www.novaworks.co -->
    <!-- Field: Doc-Info; Name: Source; Value: 197924 485BPOS.xfr; Date: 2020%2D03%2D09T21:20:50Z -->
    <!-- Field: Doc-Info; Name: Status; Value: 0x00000000 -->
<link:linkbase xmlns:xsi="http://www.w3.org/2001/XMLSchema-instance" xmlns:xlink="http://www.w3.org/1999/xlink" xmlns:link="http://www.xbrl.org/2003/linkbase" xmlns:xbrldt="http://xbrl.org/2005/xbrldt" xmlns:xbrli="http://www.xbrl.org/2003/instance" xsi:schemaLocation="http://www.xbrl.org/2003/linkbase http://www.xbrl.org/2003/xbrl-linkbase-2003-12-31.xsd">
    <link:roleRef roleURI="http://ProcureETFs.com/role/DocumentAndEntityInformationElements" xlink:href="ufo-20200228.xsd#DocumentAndEntityInformationElements" xlink:type="simple" />
    <link:roleRef roleURI="http://ProcureETFs.com/role/ProcureSpaceEtf" xlink:href="ufo-20200228.xsd#ProcureSpaceEtf" xlink:type="simple" />
    <link:roleRef roleURI="http://xbrl.sec.gov/rr/role/RiskReturn" xlink:href="https://xbrl.sec.gov/rr/2018/rr-2018-01-31.xsd#RiskReturn" xlink:type="simple" />
    <link:roleRef roleURI="http://xbrl.sec.gov/rr/role/RiskReturnDetailData" xlink:href="https://xbrl.sec.gov/rr/2018/rr-2018-01-31.xsd#RiskReturnDetailData" xlink:type="simple" />
    <link:roleRef roleURI="http://xbrl.sec.gov/rr/role/ShareholderFeesData" xlink:href="https://xbrl.sec.gov/rr/2018/rr-2018-01-31.xsd#ShareholderFeesData" xlink:type="simple" />
    <link:roleRef roleURI="http://xbrl.sec.gov/rr/role/OperatingExpensesData" xlink:href="https://xbrl.sec.gov/rr/2018/rr-2018-01-31.xsd#OperatingExpensesData" xlink:type="simple" />
    <link:roleRef roleURI="http://xbrl.sec.gov/rr/role/ExpenseExample" xlink:href="https://xbrl.sec.gov/rr/2018/rr-2018-01-31.xsd#ExpenseExample" xlink:type="simple" />
    <link:roleRef roleURI="http://xbrl.sec.gov/rr/role/ExpenseExampleNoRedemption" xlink:href="https://xbrl.sec.gov/rr/2018/rr-2018-01-31.xsd#ExpenseExampleNoRedemption" xlink:type="simple" />
    <link:roleRef roleURI="http://xbrl.sec.gov/rr/role/BarChartData" xlink:href="https://xbrl.sec.gov/rr/2018/rr-2018-01-31.xsd#BarChartData" xlink:type="simple" />
    <link:roleRef roleURI="http://xbrl.sec.gov/rr/role/PerformanceTableData" xlink:href="https://xbrl.sec.gov/rr/2018/rr-2018-01-31.xsd#PerformanceTableData" xlink:type="simple" />
    <link:roleRef roleURI="http://xbrl.sec.gov/rr/role/RiskReturnDetail" xlink:href="https://xbrl.sec.gov/rr/2018/rr-2018-01-31.xsd#RiskReturnDetail" xlink:type="simple" />
    <link:roleRef roleURI="http://xbrl.sec.gov/rr/role/Prospectus" xlink:href="https://xbrl.sec.gov/rr/2018/rr-2018-01-31.xsd#ProspectusOnly" xlink:type="simple" />
    <link:roleRef roleURI="http://xbrl.sec.gov/rr/role/Series" xlink:href="https://xbrl.sec.gov/rr/2018/rr-2018-01-31.xsd#SeriesOnly" xlink:type="simple" />
    <link:roleRef roleURI="http://xbrl.sec.gov/rr/role/Class" xlink:href="https://xbrl.sec.gov/rr/2018/rr-2018-01-31.xsd#ClassOnly" xlink:type="simple" />
    <link:roleRef roleURI="http://xbrl.sec.gov/rr/role/PerformanceMeasure" xlink:href="https://xbrl.sec.gov/rr/2018/rr-2018-01-31.xsd#PerformanceMeasureOnly" xlink:type="simple" />
    <link:arcroleRef xlink:type="simple" xlink:href="http://www.xbrl.org/2005/xbrldt-2005.xsd#hypercube-dimension" arcroleURI="http://xbrl.org/int/dim/arcrole/hypercube-dimension" />
    <link:arcroleRef xlink:type="simple" xlink:href="http://www.xbrl.org/2005/xbrldt-2005.xsd#dimension-domain" arcroleURI="http://xbrl.org/int/dim/arcrole/dimension-domain" />
    <link:arcroleRef xlink:type="simple" xlink:href="http://www.xbrl.org/2005/xbrldt-2005.xsd#domain-member" arcroleURI="http://xbrl.org/int/dim/arcrole/domain-member" />
    <link:arcroleRef xlink:type="simple" xlink:href="http://www.xbrl.org/2005/xbrldt-2005.xsd#all" arcroleURI="http://xbrl.org/int/dim/arcrole/all" />
    <link:arcroleRef xlink:type="simple" xlink:href="http://www.xbrl.org/2005/xbrldt-2005.xsd#notAll" arcroleURI="http://xbrl.org/int/dim/arcrole/notAll" />
    <link:arcroleRef xlink:type="simple" xlink:href="http://www.xbrl.org/2005/xbrldt-2005.xsd#dimension-default" arcroleURI="http://xbrl.org/int/dim/arcrole/dimension-default" />
    <link:definitionLink xlink:type="extended" xlink:role="http://ProcureETFs.com/role/DocumentAndEntityInformationElements" xlink:title="00000003 - Document - Document And Entity Information {Elements}" />
    <link:definitionLink xlink:type="extended" xlink:role="http://ProcureETFs.com/role/ProcureSpaceEtf" xlink:title="00000004 - Document - Procure Space ETF">
      <link:loc xlink:type="locator" xlink:href="https://xbrl.sec.gov/rr/2018/rr-2018-01-31.xsd#rr_ProspectusLineItems" xlink:label="loc_rrProspectusLineItems" />
      <link:loc xlink:type="locator" xlink:href="https://xbrl.sec.gov/rr/2018/rr-2018-01-31.xsd#rr_ProspectusTable" xlink:label="loc_rrProspectusTable" />
      <link:definitionArc xlink:arcrole="http://xbrl.org/int/dim/arcrole/all" xbrldt:contextElement="segment" xlink:from="loc_rrProspectusLineItems" xlink:to="loc_rrProspectusTable" xlink:type="arc" order="10" xbrldt:closed="true" />
      <link:loc xlink:type="locator" xlink:href="https://xbrl.sec.gov/dei/2018/dei-2018-01-31.xsd#dei_LegalEntityAxis" xlink:label="loc_deiLegalEntityAxis" />
      <link:definitionArc xlink:arcrole="http://xbrl.org/int/dim/arcrole/hypercube-dimension" xlink:from="loc_rrProspectusTable" xlink:to="loc_deiLegalEntityAxis" xlink:type="arc" order="1" />
      <link:loc xlink:type="locator" xlink:href="https://xbrl.sec.gov/dei/2018/dei-2018-01-31.xsd#dei_EntityDomain" xlink:label="loc_deiEntityDomain" />
      <link:definitionArc xlink:arcrole="http://xbrl.org/int/dim/arcrole/dimension-domain" xlink:from="loc_deiLegalEntityAxis" xlink:to="loc_deiEntityDomain" xlink:type="arc" order="1" />
      <link:loc xlink:type="locator" xlink:href="https://xbrl.sec.gov/dei/2018/dei-2018-01-31.xsd#dei_EntityDomain" xlink:label="loc_deiEntityDomain_10" />
      <link:definitionArc xlink:arcrole="http://xbrl.org/int/dim/arcrole/dimension-default" xbrldt:contextElement="segment" xlink:from="loc_deiLegalEntityAxis" xlink:to="loc_deiEntityDomain_10" xlink:type="arc" order="2" />
      <link:loc xlink:type="locator" xlink:href="ufo-20200228.xsd#UFO_S000061584Member" xlink:label="loc_UFOS000061584Member_0" />
      <link:definitionArc xlink:arcrole="http://xbrl.org/int/dim/arcrole/domain-member" xlink:from="loc_deiEntityDomain" xlink:to="loc_UFOS000061584Member_0" xlink:type="arc" order="1" />
      <link:loc xlink:type="locator" xlink:href="https://xbrl.sec.gov/rr/2018/rr-2018-01-31.xsd#rr_RiskReturnHeading" xlink:label="loc_rrRiskReturnHeading_20" />
      <link:definitionArc xlink:arcrole="http://xbrl.org/int/dim/arcrole/domain-member" xlink:from="loc_rrProspectusLineItems" xlink:to="loc_rrRiskReturnHeading_20" xlink:type="arc" order="0" />
      <link:loc xlink:type="locator" xlink:href="https://xbrl.sec.gov/rr/2018/rr-2018-01-31.xsd#rr_ObjectiveHeading" xlink:label="loc_rrObjectiveHeading_20" />
      <link:definitionArc xlink:arcrole="http://xbrl.org/int/dim/arcrole/domain-member" xlink:from="loc_rrProspectusLineItems" xlink:to="loc_rrObjectiveHeading_20" xlink:type="arc" order="1" />
      <link:loc xlink:type="locator" xlink:href="https://xbrl.sec.gov/rr/2018/rr-2018-01-31.xsd#rr_ObjectivePrimaryTextBlock" xlink:label="loc_rrObjectivePrimaryTextBlock_20" />
      <link:definitionArc xlink:arcrole="http://xbrl.org/int/dim/arcrole/domain-member" xlink:from="loc_rrProspectusLineItems" xlink:to="loc_rrObjectivePrimaryTextBlock_20" xlink:type="arc" order="2" />
      <link:loc xlink:type="locator" xlink:href="https://xbrl.sec.gov/rr/2018/rr-2018-01-31.xsd#rr_ObjectiveSecondaryTextBlock" xlink:label="loc_rrObjectiveSecondaryTextBlock_20" />
      <link:definitionArc xlink:arcrole="http://xbrl.org/int/dim/arcrole/domain-member" xlink:from="loc_rrProspectusLineItems" xlink:to="loc_rrObjectiveSecondaryTextBlock_20" xlink:type="arc" order="3" />
      <link:loc xlink:type="locator" xlink:href="https://xbrl.sec.gov/rr/2018/rr-2018-01-31.xsd#rr_ExpenseHeading" xlink:label="loc_rrExpenseHeading_20" />
      <link:definitionArc xlink:arcrole="http://xbrl.org/int/dim/arcrole/domain-member" xlink:from="loc_rrProspectusLineItems" xlink:to="loc_rrExpenseHeading_20" xlink:type="arc" order="4" />
      <link:loc xlink:type="locator" xlink:href="https://xbrl.sec.gov/rr/2018/rr-2018-01-31.xsd#rr_ExpenseNarrativeTextBlock" xlink:label="loc_rrExpenseNarrativeTextBlock_20" />
      <link:definitionArc xlink:arcrole="http://xbrl.org/int/dim/arcrole/domain-member" xlink:from="loc_rrProspectusLineItems" xlink:to="loc_rrExpenseNarrativeTextBlock_20" xlink:type="arc" order="5" />
      <link:loc xlink:type="locator" xlink:href="https://xbrl.sec.gov/rr/2018/rr-2018-01-31.xsd#rr_ShareholderFeesCaption" xlink:label="loc_rrShareholderFeesCaption_20" />
      <link:definitionArc xlink:arcrole="http://xbrl.org/int/dim/arcrole/domain-member" xlink:from="loc_rrProspectusLineItems" xlink:to="loc_rrShareholderFeesCaption_20" xlink:type="arc" order="6" />
      <link:loc xlink:type="locator" xlink:href="https://xbrl.sec.gov/rr/2018/rr-2018-01-31.xsd#rr_ShareholderFeesTableTextBlock" xlink:label="loc_rrShareholderFeesTableTextBlock_20" />
      <link:definitionArc xlink:arcrole="http://xbrl.org/int/dim/arcrole/domain-member" xlink:from="loc_rrProspectusLineItems" xlink:to="loc_rrShareholderFeesTableTextBlock_20" xlink:type="arc" order="7" />
      <link:loc xlink:type="locator" xlink:href="https://xbrl.sec.gov/rr/2018/rr-2018-01-31.xsd#rr_OperatingExpensesCaption" xlink:label="loc_rrOperatingExpensesCaption_20" />
      <link:definitionArc xlink:arcrole="http://xbrl.org/int/dim/arcrole/domain-member" xlink:from="loc_rrProspectusLineItems" xlink:to="loc_rrOperatingExpensesCaption_20" xlink:type="arc" order="8" />
      <link:loc xlink:type="locator" xlink:href="https://xbrl.sec.gov/rr/2018/rr-2018-01-31.xsd#rr_AnnualFundOperatingExpensesTableTextBlock" xlink:label="loc_rrAnnualFundOperatingExpensesTableTextBlock_20" />
      <link:definitionArc xlink:arcrole="http://xbrl.org/int/dim/arcrole/domain-member" xlink:from="loc_rrProspectusLineItems" xlink:to="loc_rrAnnualFundOperatingExpensesTableTextBlock_20" xlink:type="arc" order="9" />
      <link:loc xlink:type="locator" xlink:href="https://xbrl.sec.gov/rr/2018/rr-2018-01-31.xsd#rr_ExpenseFootnotesTextBlock" xlink:label="loc_rrExpenseFootnotesTextBlock_20" />
      <link:definitionArc xlink:arcrole="http://xbrl.org/int/dim/arcrole/domain-member" xlink:from="loc_rrProspectusLineItems" xlink:to="loc_rrExpenseFootnotesTextBlock_20" xlink:type="arc" order="10" />
      <link:loc xlink:type="locator" xlink:href="https://xbrl.sec.gov/rr/2018/rr-2018-01-31.xsd#rr_ExpensesDeferredChargesTextBlock" xlink:label="loc_rrExpensesDeferredChargesTextBlock_20" />
      <link:definitionArc xlink:arcrole="http://xbrl.org/int/dim/arcrole/domain-member" xlink:from="loc_rrProspectusLineItems" xlink:to="loc_rrExpensesDeferredChargesTextBlock_20" xlink:type="arc" order="11" />
      <link:loc xlink:type="locator" xlink:href="https://xbrl.sec.gov/rr/2018/rr-2018-01-31.xsd#rr_ExpensesRangeOfExchangeFeesTextBlock" xlink:label="loc_rrExpensesRangeOfExchangeFeesTextBlock_20" />
      <link:definitionArc xlink:arcrole="http://xbrl.org/int/dim/arcrole/domain-member" xlink:from="loc_rrProspectusLineItems" xlink:to="loc_rrExpensesRangeOfExchangeFeesTextBlock_20" xlink:type="arc" order="12" />
      <link:loc xlink:type="locator" xlink:href="https://xbrl.sec.gov/rr/2018/rr-2018-01-31.xsd#rr_ExpenseExampleHeading" xlink:label="loc_rrExpenseExampleHeading_20" />
      <link:definitionArc xlink:arcrole="http://xbrl.org/int/dim/arcrole/domain-member" xlink:from="loc_rrProspectusLineItems" xlink:to="loc_rrExpenseExampleHeading_20" xlink:type="arc" order="13" />
      <link:loc xlink:type="locator" xlink:href="https://xbrl.sec.gov/rr/2018/rr-2018-01-31.xsd#rr_ExpenseExampleByYearHeading" xlink:label="loc_rrExpenseExampleByYearHeading_20" />
      <link:definitionArc xlink:arcrole="http://xbrl.org/int/dim/arcrole/domain-member" xlink:from="loc_rrProspectusLineItems" xlink:to="loc_rrExpenseExampleByYearHeading_20" xlink:type="arc" order="14" />
      <link:loc xlink:type="locator" xlink:href="https://xbrl.sec.gov/rr/2018/rr-2018-01-31.xsd#rr_ExpenseExampleNarrativeTextBlock" xlink:label="loc_rrExpenseExampleNarrativeTextBlock_20" />
      <link:definitionArc xlink:arcrole="http://xbrl.org/int/dim/arcrole/domain-member" xlink:from="loc_rrProspectusLineItems" xlink:to="loc_rrExpenseExampleNarrativeTextBlock_20" xlink:type="arc" order="15" />
      <link:loc xlink:type="locator" xlink:href="https://xbrl.sec.gov/rr/2018/rr-2018-01-31.xsd#rr_ExpenseExampleByYearCaption" xlink:label="loc_rrExpenseExampleByYearCaption_20" />
      <link:definitionArc xlink:arcrole="http://xbrl.org/int/dim/arcrole/domain-member" xlink:from="loc_rrProspectusLineItems" xlink:to="loc_rrExpenseExampleByYearCaption_20" xlink:type="arc" order="16" />
      <link:loc xlink:type="locator" xlink:href="https://xbrl.sec.gov/rr/2018/rr-2018-01-31.xsd#rr_ExpenseExampleWithRedemptionTableTextBlock" xlink:label="loc_rrExpenseExampleWithRedemptionTableTextBlock_20" />
      <link:definitionArc xlink:arcrole="http://xbrl.org/int/dim/arcrole/domain-member" xlink:from="loc_rrProspectusLineItems" xlink:to="loc_rrExpenseExampleWithRedemptionTableTextBlock_20" xlink:type="arc" order="17" />
      <link:loc xlink:type="locator" xlink:href="https://xbrl.sec.gov/rr/2018/rr-2018-01-31.xsd#rr_ExpenseExampleNoRedemptionNarrativeTextBlock" xlink:label="loc_rrExpenseExampleNoRedemptionNarrativeTextBlock_20" />
      <link:definitionArc xlink:arcrole="http://xbrl.org/int/dim/arcrole/domain-member" xlink:from="loc_rrProspectusLineItems" xlink:to="loc_rrExpenseExampleNoRedemptionNarrativeTextBlock_20" xlink:type="arc" order="18" />
      <link:loc xlink:type="locator" xlink:href="https://xbrl.sec.gov/rr/2018/rr-2018-01-31.xsd#rr_ExpenseExampleNoRedemptionByYearCaption" xlink:label="loc_rrExpenseExampleNoRedemptionByYearCaption_20" />
      <link:definitionArc xlink:arcrole="http://xbrl.org/int/dim/arcrole/domain-member" xlink:from="loc_rrProspectusLineItems" xlink:to="loc_rrExpenseExampleNoRedemptionByYearCaption_20" xlink:type="arc" order="19" />
      <link:loc xlink:type="locator" xlink:href="https://xbrl.sec.gov/rr/2018/rr-2018-01-31.xsd#rr_ExpenseExampleNoRedemptionTableTextBlock" xlink:label="loc_rrExpenseExampleNoRedemptionTableTextBlock_20" />
      <link:definitionArc xlink:arcrole="http://xbrl.org/int/dim/arcrole/domain-member" xlink:from="loc_rrProspectusLineItems" xlink:to="loc_rrExpenseExampleNoRedemptionTableTextBlock_20" xlink:type="arc" order="20" />
      <link:loc xlink:type="locator" xlink:href="https://xbrl.sec.gov/rr/2018/rr-2018-01-31.xsd#rr_ExpenseExampleFootnotesTextBlock" xlink:label="loc_rrExpenseExampleFootnotesTextBlock_20" />
      <link:definitionArc xlink:arcrole="http://xbrl.org/int/dim/arcrole/domain-member" xlink:from="loc_rrProspectusLineItems" xlink:to="loc_rrExpenseExampleFootnotesTextBlock_20" xlink:type="arc" order="21" />
      <link:loc xlink:type="locator" xlink:href="https://xbrl.sec.gov/rr/2018/rr-2018-01-31.xsd#rr_ExpenseExampleClosingTextBlock" xlink:label="loc_rrExpenseExampleClosingTextBlock_20" />
      <link:definitionArc xlink:arcrole="http://xbrl.org/int/dim/arcrole/domain-member" xlink:from="loc_rrProspectusLineItems" xlink:to="loc_rrExpenseExampleClosingTextBlock_20" xlink:type="arc" order="22" />
      <link:loc xlink:type="locator" xlink:href="https://xbrl.sec.gov/rr/2018/rr-2018-01-31.xsd#rr_PortfolioTurnoverHeading" xlink:label="loc_rrPortfolioTurnoverHeading_20" />
      <link:definitionArc xlink:arcrole="http://xbrl.org/int/dim/arcrole/domain-member" xlink:from="loc_rrProspectusLineItems" xlink:to="loc_rrPortfolioTurnoverHeading_20" xlink:type="arc" order="23" />
      <link:loc xlink:type="locator" xlink:href="https://xbrl.sec.gov/rr/2018/rr-2018-01-31.xsd#rr_PortfolioTurnoverTextBlock" xlink:label="loc_rrPortfolioTurnoverTextBlock_20" />
      <link:definitionArc xlink:arcrole="http://xbrl.org/int/dim/arcrole/domain-member" xlink:from="loc_rrProspectusLineItems" xlink:to="loc_rrPortfolioTurnoverTextBlock_20" xlink:type="arc" order="24" />
      <link:loc xlink:type="locator" xlink:href="https://xbrl.sec.gov/rr/2018/rr-2018-01-31.xsd#rr_StrategyHeading" xlink:label="loc_rrStrategyHeading_20" />
      <link:definitionArc xlink:arcrole="http://xbrl.org/int/dim/arcrole/domain-member" xlink:from="loc_rrProspectusLineItems" xlink:to="loc_rrStrategyHeading_20" xlink:type="arc" order="25" />
      <link:loc xlink:type="locator" xlink:href="https://xbrl.sec.gov/rr/2018/rr-2018-01-31.xsd#rr_StrategyNarrativeTextBlock" xlink:label="loc_rrStrategyNarrativeTextBlock_20" />
      <link:definitionArc xlink:arcrole="http://xbrl.org/int/dim/arcrole/domain-member" xlink:from="loc_rrProspectusLineItems" xlink:to="loc_rrStrategyNarrativeTextBlock_20" xlink:type="arc" order="26" />
      <link:loc xlink:type="locator" xlink:href="https://xbrl.sec.gov/rr/2018/rr-2018-01-31.xsd#rr_RiskHeading" xlink:label="loc_rrRiskHeading_20" />
      <link:definitionArc xlink:arcrole="http://xbrl.org/int/dim/arcrole/domain-member" xlink:from="loc_rrProspectusLineItems" xlink:to="loc_rrRiskHeading_20" xlink:type="arc" order="27" />
      <link:loc xlink:type="locator" xlink:href="https://xbrl.sec.gov/rr/2018/rr-2018-01-31.xsd#rr_RiskNarrativeTextBlock" xlink:label="loc_rrRiskNarrativeTextBlock_20" />
      <link:definitionArc xlink:arcrole="http://xbrl.org/int/dim/arcrole/domain-member" xlink:from="loc_rrProspectusLineItems" xlink:to="loc_rrRiskNarrativeTextBlock_20" xlink:type="arc" order="28" />
      <link:loc xlink:type="locator" xlink:href="https://xbrl.sec.gov/rr/2018/rr-2018-01-31.xsd#rr_RiskFootnotesTextBlock" xlink:label="loc_rrRiskFootnotesTextBlock_20" />
      <link:definitionArc xlink:arcrole="http://xbrl.org/int/dim/arcrole/domain-member" xlink:from="loc_rrProspectusLineItems" xlink:to="loc_rrRiskFootnotesTextBlock_20" xlink:type="arc" order="29" />
      <link:loc xlink:type="locator" xlink:href="https://xbrl.sec.gov/rr/2018/rr-2018-01-31.xsd#rr_RiskClosingTextBlock" xlink:label="loc_rrRiskClosingTextBlock_20" />
      <link:definitionArc xlink:arcrole="http://xbrl.org/int/dim/arcrole/domain-member" xlink:from="loc_rrProspectusLineItems" xlink:to="loc_rrRiskClosingTextBlock_20" xlink:type="arc" order="30" />
      <link:loc xlink:type="locator" xlink:href="https://xbrl.sec.gov/rr/2018/rr-2018-01-31.xsd#rr_BarChartAndPerformanceTableHeading" xlink:label="loc_rrBarChartAndPerformanceTableHeading_20" />
      <link:definitionArc xlink:arcrole="http://xbrl.org/int/dim/arcrole/domain-member" xlink:from="loc_rrProspectusLineItems" xlink:to="loc_rrBarChartAndPerformanceTableHeading_20" xlink:type="arc" order="31" />
      <link:loc xlink:type="locator" xlink:href="https://xbrl.sec.gov/rr/2018/rr-2018-01-31.xsd#rr_PerformanceNarrativeTextBlock" xlink:label="loc_rrPerformanceNarrativeTextBlock_20" />
      <link:definitionArc xlink:arcrole="http://xbrl.org/int/dim/arcrole/domain-member" xlink:from="loc_rrProspectusLineItems" xlink:to="loc_rrPerformanceNarrativeTextBlock_20" xlink:type="arc" order="32" />
      <link:loc xlink:type="locator" xlink:href="https://xbrl.sec.gov/rr/2018/rr-2018-01-31.xsd#rr_BarChartNarrativeTextBlock" xlink:label="loc_rrBarChartNarrativeTextBlock_20" />
      <link:definitionArc xlink:arcrole="http://xbrl.org/int/dim/arcrole/domain-member" xlink:from="loc_rrProspectusLineItems" xlink:to="loc_rrBarChartNarrativeTextBlock_20" xlink:type="arc" order="33" />
      <link:loc xlink:type="locator" xlink:href="https://xbrl.sec.gov/rr/2018/rr-2018-01-31.xsd#rr_BarChartHeading" xlink:label="loc_rrBarChartHeading_20" />
      <link:definitionArc xlink:arcrole="http://xbrl.org/int/dim/arcrole/domain-member" xlink:from="loc_rrProspectusLineItems" xlink:to="loc_rrBarChartHeading_20" xlink:type="arc" order="34" />
      <link:loc xlink:type="locator" xlink:href="https://xbrl.sec.gov/rr/2018/rr-2018-01-31.xsd#rr_BarChartTableTextBlock" xlink:label="loc_rrBarChartTableTextBlock_20" />
      <link:definitionArc xlink:arcrole="http://xbrl.org/int/dim/arcrole/domain-member" xlink:from="loc_rrProspectusLineItems" xlink:to="loc_rrBarChartTableTextBlock_20" xlink:type="arc" order="35" />
      <link:loc xlink:type="locator" xlink:href="https://xbrl.sec.gov/rr/2018/rr-2018-01-31.xsd#rr_BarChartFootnotesTextBlock" xlink:label="loc_rrBarChartFootnotesTextBlock_20" />
      <link:definitionArc xlink:arcrole="http://xbrl.org/int/dim/arcrole/domain-member" xlink:from="loc_rrProspectusLineItems" xlink:to="loc_rrBarChartFootnotesTextBlock_20" xlink:type="arc" order="36" />
      <link:loc xlink:type="locator" xlink:href="https://xbrl.sec.gov/rr/2018/rr-2018-01-31.xsd#rr_BarChartClosingTextBlock" xlink:label="loc_rrBarChartClosingTextBlock_20" />
      <link:definitionArc xlink:arcrole="http://xbrl.org/int/dim/arcrole/domain-member" xlink:from="loc_rrProspectusLineItems" xlink:to="loc_rrBarChartClosingTextBlock_20" xlink:type="arc" order="37" />
      <link:loc xlink:type="locator" xlink:href="https://xbrl.sec.gov/rr/2018/rr-2018-01-31.xsd#rr_PerformanceTableHeading" xlink:label="loc_rrPerformanceTableHeading_20" />
      <link:definitionArc xlink:arcrole="http://xbrl.org/int/dim/arcrole/domain-member" xlink:from="loc_rrProspectusLineItems" xlink:to="loc_rrPerformanceTableHeading_20" xlink:type="arc" order="38" />
      <link:loc xlink:type="locator" xlink:href="https://xbrl.sec.gov/rr/2018/rr-2018-01-31.xsd#rr_PerformanceTableNarrativeTextBlock" xlink:label="loc_rrPerformanceTableNarrativeTextBlock_20" />
      <link:definitionArc xlink:arcrole="http://xbrl.org/int/dim/arcrole/domain-member" xlink:from="loc_rrProspectusLineItems" xlink:to="loc_rrPerformanceTableNarrativeTextBlock_20" xlink:type="arc" order="39" />
      <link:loc xlink:type="locator" xlink:href="https://xbrl.sec.gov/rr/2018/rr-2018-01-31.xsd#rr_PerformanceTableTextBlock" xlink:label="loc_rrPerformanceTableTextBlock_20" />
      <link:definitionArc xlink:arcrole="http://xbrl.org/int/dim/arcrole/domain-member" xlink:from="loc_rrProspectusLineItems" xlink:to="loc_rrPerformanceTableTextBlock_20" xlink:type="arc" order="40" />
      <link:loc xlink:type="locator" xlink:href="https://xbrl.sec.gov/rr/2018/rr-2018-01-31.xsd#rr_MarketIndexPerformanceTableTextBlock" xlink:label="loc_rrMarketIndexPerformanceTableTextBlock_20" />
      <link:definitionArc xlink:arcrole="http://xbrl.org/int/dim/arcrole/domain-member" xlink:from="loc_rrProspectusLineItems" xlink:to="loc_rrMarketIndexPerformanceTableTextBlock_20" xlink:type="arc" order="41" />
      <link:loc xlink:type="locator" xlink:href="https://xbrl.sec.gov/rr/2018/rr-2018-01-31.xsd#rr_PerformanceTableFootnotesTextBlock" xlink:label="loc_rrPerformanceTableFootnotesTextBlock_20" />
      <link:definitionArc xlink:arcrole="http://xbrl.org/int/dim/arcrole/domain-member" xlink:from="loc_rrProspectusLineItems" xlink:to="loc_rrPerformanceTableFootnotesTextBlock_20" xlink:type="arc" order="42" />
      <link:loc xlink:type="locator" xlink:href="https://xbrl.sec.gov/rr/2018/rr-2018-01-31.xsd#rr_PerformanceTableClosingTextBlock" xlink:label="loc_rrPerformanceTableClosingTextBlock_20" />
      <link:definitionArc xlink:arcrole="http://xbrl.org/int/dim/arcrole/domain-member" xlink:from="loc_rrProspectusLineItems" xlink:to="loc_rrPerformanceTableClosingTextBlock_20" xlink:type="arc" order="43" />
      <link:loc xlink:type="locator" xlink:href="https://xbrl.sec.gov/rr/2018/rr-2018-01-31.xsd#rr_SupplementToProspectusTextBlock" xlink:label="loc_rrSupplementToProspectusTextBlock_20" />
      <link:definitionArc xlink:arcrole="http://xbrl.org/int/dim/arcrole/domain-member" xlink:from="loc_rrProspectusLineItems" xlink:to="loc_rrSupplementToProspectusTextBlock_20" xlink:type="arc" order="44" />
    </link:definitionLink>
    <link:definitionLink xlink:type="extended" xlink:role="http://xbrl.sec.gov/rr/role/RiskReturn" xlink:title="00000005 - Document - Risk/Return Summary" />
    <link:definitionLink xlink:type="extended" xlink:role="http://xbrl.sec.gov/rr/role/RiskReturnDetailData" xlink:title="00000006 - Disclosure - Risk/Return Detail Data {Elements}" />
    <link:definitionLink xlink:type="extended" xlink:role="http://xbrl.sec.gov/rr/role/ShareholderFeesData" xlink:title="00000007 - Schedule - Shareholder Fees" />
    <link:definitionLink xlink:type="extended" xlink:role="http://xbrl.sec.gov/rr/role/OperatingExpensesData" xlink:title="00000008 - Schedule - Annual Fund Operating Expenses" />
    <link:definitionLink xlink:type="extended" xlink:role="http://xbrl.sec.gov/rr/role/ExpenseExample" xlink:title="00000009 - Schedule - Expense Example {Transposed}" />
    <link:definitionLink xlink:type="extended" xlink:role="http://xbrl.sec.gov/rr/role/ExpenseExampleNoRedemption" xlink:title="00000010 - Schedule - Expense Example, No Redemption {Transposed}" />
    <link:definitionLink xlink:type="extended" xlink:role="http://xbrl.sec.gov/rr/role/BarChartData" xlink:title="00000011 - Schedule - Annual Total Returns" />
    <link:definitionLink xlink:type="extended" xlink:role="http://xbrl.sec.gov/rr/role/PerformanceTableData" xlink:title="00000012 - Schedule - Average Annual Total Returns {Transposed}" />
    <link:definitionLink xlink:type="extended" xlink:role="http://xbrl.sec.gov/rr/role/RiskReturnDetail" xlink:title="00000013 - Document - Risk/Return Detail {Unlabeled}" />
    <link:definitionLink xlink:type="extended" xlink:role="http://xbrl.sec.gov/rr/role/Series">
      <link:loc xlink:type="locator" xlink:href="https://xbrl.sec.gov/dei/2018/dei-2018-01-31.xsd#dei_EntityDomain" xlink:label="loc_deiEntityDomain" />
      <link:loc xlink:type="locator" xlink:href="ufo-20200228.xsd#UFO_S000061584Member" xlink:label="loc_UFOS000061584Member" />
      <link:definitionArc xlink:arcrole="http://xbrl.org/int/dim/arcrole/domain-member" xlink:from="loc_deiEntityDomain" xlink:to="loc_UFOS000061584Member" xlink:type="arc" order="0" />
    </link:definitionLink>
    <link:definitionLink xlink:type="extended" xlink:role="http://xbrl.sec.gov/rr/role/Class">
      <link:loc xlink:type="locator" xlink:href="https://xbrl.sec.gov/rr/2018/rr-2018-01-31.xsd#rr_ShareClassDomain" xlink:label="loc_rrShareClassDomain" />
      <link:loc xlink:type="locator" xlink:href="ufo-20200228.xsd#UFO_C000199461Member" xlink:label="loc_UFOC000199461Member" />
      <link:definitionArc xlink:arcrole="http://xbrl.org/int/dim/arcrole/domain-member" xlink:from="loc_rrShareClassDomain" xlink:to="loc_UFOC000199461Member" xlink:type="arc" order="500" />
    </link:definitionLink>
    <link:definitionLink xlink:type="extended" xlink:role="http://xbrl.sec.gov/rr/role/PerformanceMeasure" />
</link:linkbase>
