<?xml version="1.0" encoding="US-ASCII" standalone="no"?>
    <!-- Field: Doc-Info; Name: Generator; Value: GoFiler Complete; Version: 4.24a -->
    <!-- Field: Doc-Info; Name: VendorURI; Value: http://www.novaworks.co -->
    <!-- Field: Doc-Info; Name: Source; Value: Procure ETF Trust II.xfr; Date: 2019%2D03%2D25T20:12:48Z -->
    <!-- Field: Doc-Info; Name: Status; Value: 0x80020000 -->
<link:linkbase xmlns:xsi="http://www.w3.org/2001/XMLSchema-instance" xmlns:xlink="http://www.w3.org/1999/xlink" xmlns:link="http://www.xbrl.org/2003/linkbase" xmlns:xbrli="http://www.xbrl.org/2003/instance" xsi:schemaLocation="http://www.xbrl.org/2003/linkbase http://www.xbrl.org/2003/xbrl-linkbase-2003-12-31.xsd">
    <link:roleRef roleURI="http://ck0001727398/role/DocumentAndEntityInformationElements" xlink:href="ck0001727398-20190308.xsd#DocumentAndEntityInformationElements" xlink:type="simple" />
    <link:roleRef roleURI="http://ck0001727398/role/ProcureSpaceEtfUnlabeled" xlink:href="ck0001727398-20190308.xsd#ProcureSpaceEtfUnlabeled" xlink:type="simple" />
    <link:roleRef roleURI="http://xbrl.sec.gov/rr/role/RiskReturn" xlink:href="http://xbrl.sec.gov/rr/2012/rr-2012-01-31.xsd#RiskReturn" xlink:type="simple" />
    <link:roleRef roleURI="http://xbrl.sec.gov/rr/role/ShareholderFeesData" xlink:href="http://xbrl.sec.gov/rr/2012/rr-2012-01-31.xsd#ShareholderFeesData" xlink:type="simple" />
    <link:roleRef roleURI="http://xbrl.sec.gov/rr/role/OperatingExpensesData" xlink:href="http://xbrl.sec.gov/rr/2012/rr-2012-01-31.xsd#OperatingExpensesData" xlink:type="simple" />
    <link:roleRef roleURI="http://xbrl.sec.gov/rr/role/ExpenseExample" xlink:href="http://xbrl.sec.gov/rr/2012/rr-2012-01-31.xsd#ExpenseExample" xlink:type="simple" />
    <link:roleRef roleURI="http://xbrl.sec.gov/rr/role/ExpenseExampleNoRedemption" xlink:href="http://xbrl.sec.gov/rr/2012/rr-2012-01-31.xsd#ExpenseExampleNoRedemption" xlink:type="simple" />
    <link:roleRef roleURI="http://xbrl.sec.gov/rr/role/BarChartData" xlink:href="http://xbrl.sec.gov/rr/2012/rr-2012-01-31.xsd#BarChartData" xlink:type="simple" />
    <link:roleRef roleURI="http://xbrl.sec.gov/rr/role/PerformanceTableData" xlink:href="http://xbrl.sec.gov/rr/2012/rr-2012-01-31.xsd#PerformanceTableData" xlink:type="simple" />
    <link:roleRef roleURI="http://xbrl.sec.gov/rr/role/RiskReturnDetailData" xlink:href="http://xbrl.sec.gov/rr/2012/rr-2012-01-31.xsd#RiskReturnDetailData" xlink:type="simple" />
    <link:roleRef roleURI="http://xbrl.sec.gov/rr/role/RiskReturnDetail" xlink:href="http://xbrl.sec.gov/rr/2012/rr-2012-01-31.xsd#RiskReturnDetail" xlink:type="simple" />
    <link:roleRef roleURI="http://xbrl.sec.gov/rr/role/Prospectus" xlink:href="http://xbrl.sec.gov/rr/2012/rr-2012-01-31.xsd#ProspectusOnly" xlink:type="simple" />
    <link:roleRef roleURI="http://xbrl.sec.gov/rr/role/Series" xlink:href="http://xbrl.sec.gov/rr/2012/rr-2012-01-31.xsd#SeriesOnly" xlink:type="simple" />
    <link:roleRef roleURI="http://xbrl.sec.gov/rr/role/Class" xlink:href="http://xbrl.sec.gov/rr/2012/rr-2012-01-31.xsd#ClassOnly" xlink:type="simple" />
    <link:roleRef roleURI="http://xbrl.sec.gov/rr/role/PerformanceMeasure" xlink:href="http://xbrl.sec.gov/rr/2012/rr-2012-01-31.xsd#PerformanceMeasureOnly" xlink:type="simple" />
    <link:presentationLink xlink:type="extended" xlink:role="http://ck0001727398/role/DocumentAndEntityInformationElements" xlink:title="00000003 - Document - Document And Entity Information {Elements}">
      <link:loc xlink:type="locator" xlink:href="ck0001727398-20190308.xsd#ck0001727398_DocumentDocumentAndEntityInformationAbstract" xlink:label="loc_ck0001727398DocumentDocumentAndEntityInformationAbstract" />
      <link:loc xlink:type="locator" xlink:href="http://xbrl.sec.gov/dei/2012/dei-2012-01-31.xsd#dei_DocumentType" xlink:label="loc_deiDocumentType" />
      <link:presentationArc order="0" xlink:arcrole="http://www.xbrl.org/2003/arcrole/parent-child" xlink:from="loc_ck0001727398DocumentDocumentAndEntityInformationAbstract" xlink:to="loc_deiDocumentType" xlink:type="arc" />
      <link:loc xlink:type="locator" xlink:href="http://xbrl.sec.gov/dei/2012/dei-2012-01-31.xsd#dei_DocumentPeriodEndDate" xlink:label="loc_deiDocumentPeriodEndDate" />
      <link:presentationArc order="10" xlink:arcrole="http://www.xbrl.org/2003/arcrole/parent-child" xlink:from="loc_ck0001727398DocumentDocumentAndEntityInformationAbstract" xlink:to="loc_deiDocumentPeriodEndDate" xlink:type="arc" />
      <link:loc xlink:type="locator" xlink:href="http://xbrl.sec.gov/dei/2012/dei-2012-01-31.xsd#dei_EntityRegistrantName" xlink:label="loc_deiEntityRegistrantName" />
      <link:presentationArc order="20" xlink:arcrole="http://www.xbrl.org/2003/arcrole/parent-child" xlink:from="loc_ck0001727398DocumentDocumentAndEntityInformationAbstract" xlink:to="loc_deiEntityRegistrantName" xlink:type="arc" />
      <link:loc xlink:type="locator" xlink:href="http://xbrl.sec.gov/dei/2012/dei-2012-01-31.xsd#dei_EntityCentralIndexKey" xlink:label="loc_deiEntityCentralIndexKey" />
      <link:presentationArc order="30" xlink:arcrole="http://www.xbrl.org/2003/arcrole/parent-child" xlink:from="loc_ck0001727398DocumentDocumentAndEntityInformationAbstract" xlink:to="loc_deiEntityCentralIndexKey" xlink:type="arc" />
      <link:loc xlink:type="locator" xlink:href="http://xbrl.sec.gov/dei/2012/dei-2012-01-31.xsd#dei_AmendmentFlag" xlink:label="loc_deiAmendmentFlag" />
      <link:presentationArc order="40" xlink:arcrole="http://www.xbrl.org/2003/arcrole/parent-child" xlink:from="loc_ck0001727398DocumentDocumentAndEntityInformationAbstract" xlink:to="loc_deiAmendmentFlag" xlink:type="arc" />
      <link:loc xlink:type="locator" xlink:href="http://xbrl.sec.gov/dei/2012/dei-2012-01-31.xsd#dei_AmendmentDescription" xlink:label="loc_deiAmendmentDescription" />
      <link:presentationArc order="50" xlink:arcrole="http://www.xbrl.org/2003/arcrole/parent-child" xlink:from="loc_ck0001727398DocumentDocumentAndEntityInformationAbstract" xlink:to="loc_deiAmendmentDescription" xlink:type="arc" />
      <link:loc xlink:type="locator" xlink:href="http://xbrl.sec.gov/dei/2012/dei-2012-01-31.xsd#dei_TradingSymbol" xlink:label="loc_deiTradingSymbol" />
      <link:presentationArc order="60" xlink:arcrole="http://www.xbrl.org/2003/arcrole/parent-child" xlink:from="loc_ck0001727398DocumentDocumentAndEntityInformationAbstract" xlink:to="loc_deiTradingSymbol" xlink:type="arc" />
      <link:loc xlink:type="locator" xlink:href="http://xbrl.sec.gov/dei/2012/dei-2012-01-31.xsd#dei_DocumentCreationDate" xlink:label="loc_deiDocumentCreationDate" />
      <link:presentationArc order="70" xlink:arcrole="http://www.xbrl.org/2003/arcrole/parent-child" xlink:from="loc_ck0001727398DocumentDocumentAndEntityInformationAbstract" xlink:to="loc_deiDocumentCreationDate" xlink:type="arc" />
      <link:loc xlink:type="locator" xlink:href="http://xbrl.sec.gov/dei/2012/dei-2012-01-31.xsd#dei_DocumentEffectiveDate" xlink:label="loc_deiDocumentEffectiveDate" />
      <link:presentationArc order="80" xlink:arcrole="http://www.xbrl.org/2003/arcrole/parent-child" xlink:from="loc_ck0001727398DocumentDocumentAndEntityInformationAbstract" xlink:to="loc_deiDocumentEffectiveDate" xlink:type="arc" />
      <link:loc xlink:type="locator" xlink:href="http://xbrl.sec.gov/rr/2012/rr-2012-01-31.xsd#rr_ProspectusDate" xlink:label="loc_rrProspectusDate" />
      <link:presentationArc order="90" xlink:arcrole="http://www.xbrl.org/2003/arcrole/parent-child" xlink:from="loc_ck0001727398DocumentDocumentAndEntityInformationAbstract" xlink:to="loc_rrProspectusDate" xlink:type="arc" />
    </link:presentationLink>
    <link:presentationLink xlink:type="extended" xlink:role="http://ck0001727398/role/ProcureSpaceEtfUnlabeled" xlink:title="00000004 - Document - Procure Space ETF {Unlabeled}">
      <link:loc xlink:type="locator" xlink:href="http://xbrl.sec.gov/rr/2012/rr-2012-01-31.xsd#rr_RiskReturnAbstract" xlink:label="loc_rrRiskReturnAbstract" />
      <link:loc xlink:type="locator" xlink:href="http://xbrl.sec.gov/rr/2012/rr-2012-01-31.xsd#rr_ProspectusTable" xlink:label="loc_rrProspectusTable" />
      <link:presentationArc xlink:type="arc" xlink:arcrole="http://www.xbrl.org/2003/arcrole/parent-child" xlink:from="loc_rrRiskReturnAbstract" xlink:to="loc_rrProspectusTable" order="100" />
      <link:loc xlink:type="locator" xlink:href="http://xbrl.sec.gov/rr/2012/rr-2012-01-31.xsd#rr_ProspectusLineItems" xlink:label="loc_rrProspectusLineItems" />
      <link:presentationArc xlink:type="arc" xlink:arcrole="http://www.xbrl.org/2003/arcrole/parent-child" xlink:from="loc_rrProspectusTable" xlink:to="loc_rrProspectusLineItems" order="200" />
      <link:loc xlink:type="locator" xlink:href="http://xbrl.sec.gov/dei/2012/dei-2012-01-31.xsd#dei_LegalEntityAxis" xlink:label="loc_deiLegalEntityAxis" />
      <link:presentationArc xlink:type="arc" xlink:arcrole="http://www.xbrl.org/2003/arcrole/parent-child" xlink:from="loc_rrProspectusTable" xlink:to="loc_deiLegalEntityAxis" order="10" />
      <link:loc xlink:type="locator" xlink:href="http://xbrl.sec.gov/dei/2012/dei-2012-01-31.xsd#dei_EntityDomain" xlink:label="loc_deiEntityDomain" />
      <link:presentationArc xlink:type="arc" xlink:arcrole="http://www.xbrl.org/2003/arcrole/parent-child" xlink:from="loc_deiLegalEntityAxis" xlink:to="loc_deiEntityDomain" order="0" />
      <link:loc xlink:type="locator" xlink:href="ck0001727398-20190308.xsd#ck0001727398_S000061584Member" xlink:label="loc_ck0001727398S000061584Member" />
      <link:presentationArc order="10" xlink:arcrole="http://www.xbrl.org/2003/arcrole/parent-child" xlink:from="loc_deiLegalEntityAxis" xlink:to="loc_ck0001727398S000061584Member" xlink:type="arc" />
      <link:loc xlink:type="locator" xlink:href="http://xbrl.sec.gov/rr/2012/rr-2012-01-31.xsd#rr_RiskReturnHeading" xlink:label="loc_rrRiskReturnHeading" />
      <link:presentationArc order="0" xlink:arcrole="http://www.xbrl.org/2003/arcrole/parent-child" xlink:from="loc_rrProspectusLineItems" xlink:to="loc_rrRiskReturnHeading" xlink:type="arc" />
      <link:loc xlink:type="locator" xlink:href="http://xbrl.sec.gov/rr/2012/rr-2012-01-31.xsd#rr_ObjectiveHeading" xlink:label="loc_rrObjectiveHeading" />
      <link:presentationArc order="10" xlink:arcrole="http://www.xbrl.org/2003/arcrole/parent-child" xlink:from="loc_rrProspectusLineItems" xlink:to="loc_rrObjectiveHeading" xlink:type="arc" />
      <link:loc xlink:type="locator" xlink:href="http://xbrl.sec.gov/rr/2012/rr-2012-01-31.xsd#rr_ObjectivePrimaryTextBlock" xlink:label="loc_rrObjectivePrimaryTextBlock" />
      <link:presentationArc order="20" xlink:arcrole="http://www.xbrl.org/2003/arcrole/parent-child" xlink:from="loc_rrProspectusLineItems" xlink:to="loc_rrObjectivePrimaryTextBlock" xlink:type="arc" />
      <link:loc xlink:type="locator" xlink:href="http://xbrl.sec.gov/rr/2012/rr-2012-01-31.xsd#rr_ObjectiveSecondaryTextBlock" xlink:label="loc_rrObjectiveSecondaryTextBlock" />
      <link:presentationArc order="30" xlink:arcrole="http://www.xbrl.org/2003/arcrole/parent-child" xlink:from="loc_rrProspectusLineItems" xlink:to="loc_rrObjectiveSecondaryTextBlock" xlink:type="arc" />
      <link:loc xlink:type="locator" xlink:href="http://xbrl.sec.gov/rr/2012/rr-2012-01-31.xsd#rr_ExpenseHeading" xlink:label="loc_rrExpenseHeading" />
      <link:presentationArc order="40" xlink:arcrole="http://www.xbrl.org/2003/arcrole/parent-child" xlink:from="loc_rrProspectusLineItems" xlink:to="loc_rrExpenseHeading" xlink:type="arc" />
      <link:loc xlink:type="locator" xlink:href="http://xbrl.sec.gov/rr/2012/rr-2012-01-31.xsd#rr_ExpenseNarrativeTextBlock" xlink:label="loc_rrExpenseNarrativeTextBlock" />
      <link:presentationArc order="50" xlink:arcrole="http://www.xbrl.org/2003/arcrole/parent-child" xlink:from="loc_rrProspectusLineItems" xlink:to="loc_rrExpenseNarrativeTextBlock" xlink:type="arc" />
      <link:loc xlink:type="locator" xlink:href="http://xbrl.sec.gov/rr/2012/rr-2012-01-31.xsd#rr_ShareholderFeesCaption" xlink:label="loc_rrShareholderFeesCaption" />
      <link:presentationArc order="60" xlink:arcrole="http://www.xbrl.org/2003/arcrole/parent-child" xlink:from="loc_rrProspectusLineItems" xlink:to="loc_rrShareholderFeesCaption" xlink:type="arc" />
      <link:loc xlink:type="locator" xlink:href="http://xbrl.sec.gov/rr/2012/rr-2012-01-31.xsd#rr_ShareholderFeesTableTextBlock" xlink:label="loc_rrShareholderFeesTableTextBlock" />
      <link:presentationArc order="70" xlink:arcrole="http://www.xbrl.org/2003/arcrole/parent-child" xlink:from="loc_rrProspectusLineItems" xlink:to="loc_rrShareholderFeesTableTextBlock" xlink:type="arc" />
      <link:loc xlink:type="locator" xlink:href="http://xbrl.sec.gov/rr/2012/rr-2012-01-31.xsd#rr_OperatingExpensesCaption" xlink:label="loc_rrOperatingExpensesCaption" />
      <link:presentationArc order="80" xlink:arcrole="http://www.xbrl.org/2003/arcrole/parent-child" xlink:from="loc_rrProspectusLineItems" xlink:to="loc_rrOperatingExpensesCaption" xlink:type="arc" />
      <link:loc xlink:type="locator" xlink:href="http://xbrl.sec.gov/rr/2012/rr-2012-01-31.xsd#rr_AnnualFundOperatingExpensesTableTextBlock" xlink:label="loc_rrAnnualFundOperatingExpensesTableTextBlock" />
      <link:presentationArc order="90" xlink:arcrole="http://www.xbrl.org/2003/arcrole/parent-child" xlink:from="loc_rrProspectusLineItems" xlink:to="loc_rrAnnualFundOperatingExpensesTableTextBlock" xlink:type="arc" />
      <link:loc xlink:type="locator" xlink:href="http://xbrl.sec.gov/rr/2012/rr-2012-01-31.xsd#rr_ExpenseFootnotesTextBlock" xlink:label="loc_rrExpenseFootnotesTextBlock" />
      <link:presentationArc order="100" xlink:arcrole="http://www.xbrl.org/2003/arcrole/parent-child" xlink:from="loc_rrProspectusLineItems" xlink:to="loc_rrExpenseFootnotesTextBlock" xlink:type="arc" />
      <link:loc xlink:type="locator" xlink:href="http://xbrl.sec.gov/rr/2012/rr-2012-01-31.xsd#rr_ExpensesDeferredChargesTextBlock" xlink:label="loc_rrExpensesDeferredChargesTextBlock" />
      <link:presentationArc order="110" xlink:arcrole="http://www.xbrl.org/2003/arcrole/parent-child" xlink:from="loc_rrProspectusLineItems" xlink:to="loc_rrExpensesDeferredChargesTextBlock" xlink:type="arc" />
      <link:loc xlink:type="locator" xlink:href="http://xbrl.sec.gov/rr/2012/rr-2012-01-31.xsd#rr_ExpensesRangeOfExchangeFeesTextBlock" xlink:label="loc_rrExpensesRangeOfExchangeFeesTextBlock" />
      <link:presentationArc order="120" xlink:arcrole="http://www.xbrl.org/2003/arcrole/parent-child" xlink:from="loc_rrProspectusLineItems" xlink:to="loc_rrExpensesRangeOfExchangeFeesTextBlock" xlink:type="arc" />
      <link:loc xlink:type="locator" xlink:href="http://xbrl.sec.gov/rr/2012/rr-2012-01-31.xsd#rr_ExpenseExampleHeading" xlink:label="loc_rrExpenseExampleHeading" />
      <link:presentationArc order="130" xlink:arcrole="http://www.xbrl.org/2003/arcrole/parent-child" xlink:from="loc_rrProspectusLineItems" xlink:to="loc_rrExpenseExampleHeading" xlink:type="arc" />
      <link:loc xlink:type="locator" xlink:href="http://xbrl.sec.gov/rr/2012/rr-2012-01-31.xsd#rr_ExpenseExampleByYearHeading" xlink:label="loc_rrExpenseExampleByYearHeading" />
      <link:presentationArc order="140" xlink:arcrole="http://www.xbrl.org/2003/arcrole/parent-child" xlink:from="loc_rrProspectusLineItems" xlink:to="loc_rrExpenseExampleByYearHeading" xlink:type="arc" />
      <link:loc xlink:type="locator" xlink:href="http://xbrl.sec.gov/rr/2012/rr-2012-01-31.xsd#rr_ExpenseExampleNarrativeTextBlock" xlink:label="loc_rrExpenseExampleNarrativeTextBlock" />
      <link:presentationArc order="150" xlink:arcrole="http://www.xbrl.org/2003/arcrole/parent-child" xlink:from="loc_rrProspectusLineItems" xlink:to="loc_rrExpenseExampleNarrativeTextBlock" xlink:type="arc" />
      <link:loc xlink:type="locator" xlink:href="http://xbrl.sec.gov/rr/2012/rr-2012-01-31.xsd#rr_ExpenseExampleByYearCaption" xlink:label="loc_rrExpenseExampleByYearCaption" />
      <link:presentationArc order="160" xlink:arcrole="http://www.xbrl.org/2003/arcrole/parent-child" xlink:from="loc_rrProspectusLineItems" xlink:to="loc_rrExpenseExampleByYearCaption" xlink:type="arc" />
      <link:loc xlink:type="locator" xlink:href="http://xbrl.sec.gov/rr/2012/rr-2012-01-31.xsd#rr_ExpenseExampleWithRedemptionTableTextBlock" xlink:label="loc_rrExpenseExampleWithRedemptionTableTextBlock" />
      <link:presentationArc order="170" xlink:arcrole="http://www.xbrl.org/2003/arcrole/parent-child" xlink:from="loc_rrProspectusLineItems" xlink:to="loc_rrExpenseExampleWithRedemptionTableTextBlock" xlink:type="arc" />
      <link:loc xlink:type="locator" xlink:href="http://xbrl.sec.gov/rr/2012/rr-2012-01-31.xsd#rr_ExpenseExampleNoRedemptionNarrativeTextBlock" xlink:label="loc_rrExpenseExampleNoRedemptionNarrativeTextBlock" />
      <link:presentationArc order="180" xlink:arcrole="http://www.xbrl.org/2003/arcrole/parent-child" xlink:from="loc_rrProspectusLineItems" xlink:to="loc_rrExpenseExampleNoRedemptionNarrativeTextBlock" xlink:type="arc" />
      <link:loc xlink:type="locator" xlink:href="http://xbrl.sec.gov/rr/2012/rr-2012-01-31.xsd#rr_ExpenseExampleNoRedemptionByYearCaption" xlink:label="loc_rrExpenseExampleNoRedemptionByYearCaption" />
      <link:presentationArc order="190" xlink:arcrole="http://www.xbrl.org/2003/arcrole/parent-child" xlink:from="loc_rrProspectusLineItems" xlink:to="loc_rrExpenseExampleNoRedemptionByYearCaption" xlink:type="arc" />
      <link:loc xlink:type="locator" xlink:href="http://xbrl.sec.gov/rr/2012/rr-2012-01-31.xsd#rr_ExpenseExampleNoRedemptionTableTextBlock" xlink:label="loc_rrExpenseExampleNoRedemptionTableTextBlock" />
      <link:presentationArc order="200" xlink:arcrole="http://www.xbrl.org/2003/arcrole/parent-child" xlink:from="loc_rrProspectusLineItems" xlink:to="loc_rrExpenseExampleNoRedemptionTableTextBlock" xlink:type="arc" />
      <link:loc xlink:type="locator" xlink:href="http://xbrl.sec.gov/rr/2012/rr-2012-01-31.xsd#rr_ExpenseExampleFootnotesTextBlock" xlink:label="loc_rrExpenseExampleFootnotesTextBlock" />
      <link:presentationArc order="210" xlink:arcrole="http://www.xbrl.org/2003/arcrole/parent-child" xlink:from="loc_rrProspectusLineItems" xlink:to="loc_rrExpenseExampleFootnotesTextBlock" xlink:type="arc" />
      <link:loc xlink:type="locator" xlink:href="http://xbrl.sec.gov/rr/2012/rr-2012-01-31.xsd#rr_ExpenseExampleClosingTextBlock" xlink:label="loc_rrExpenseExampleClosingTextBlock" />
      <link:presentationArc order="220" xlink:arcrole="http://www.xbrl.org/2003/arcrole/parent-child" xlink:from="loc_rrProspectusLineItems" xlink:to="loc_rrExpenseExampleClosingTextBlock" xlink:type="arc" />
      <link:loc xlink:type="locator" xlink:href="http://xbrl.sec.gov/rr/2012/rr-2012-01-31.xsd#rr_PortfolioTurnoverHeading" xlink:label="loc_rrPortfolioTurnoverHeading" />
      <link:presentationArc order="230" xlink:arcrole="http://www.xbrl.org/2003/arcrole/parent-child" xlink:from="loc_rrProspectusLineItems" xlink:to="loc_rrPortfolioTurnoverHeading" xlink:type="arc" />
      <link:loc xlink:type="locator" xlink:href="http://xbrl.sec.gov/rr/2012/rr-2012-01-31.xsd#rr_PortfolioTurnoverTextBlock" xlink:label="loc_rrPortfolioTurnoverTextBlock" />
      <link:presentationArc order="240" xlink:arcrole="http://www.xbrl.org/2003/arcrole/parent-child" xlink:from="loc_rrProspectusLineItems" xlink:to="loc_rrPortfolioTurnoverTextBlock" xlink:type="arc" />
      <link:loc xlink:type="locator" xlink:href="http://xbrl.sec.gov/rr/2012/rr-2012-01-31.xsd#rr_StrategyHeading" xlink:label="loc_rrStrategyHeading" />
      <link:presentationArc order="250" xlink:arcrole="http://www.xbrl.org/2003/arcrole/parent-child" xlink:from="loc_rrProspectusLineItems" xlink:to="loc_rrStrategyHeading" xlink:type="arc" />
      <link:loc xlink:type="locator" xlink:href="http://xbrl.sec.gov/rr/2012/rr-2012-01-31.xsd#rr_StrategyNarrativeTextBlock" xlink:label="loc_rrStrategyNarrativeTextBlock" />
      <link:presentationArc order="260" xlink:arcrole="http://www.xbrl.org/2003/arcrole/parent-child" xlink:from="loc_rrProspectusLineItems" xlink:to="loc_rrStrategyNarrativeTextBlock" xlink:type="arc" />
      <link:loc xlink:type="locator" xlink:href="http://xbrl.sec.gov/rr/2012/rr-2012-01-31.xsd#rr_RiskHeading" xlink:label="loc_rrRiskHeading" />
      <link:presentationArc order="270" xlink:arcrole="http://www.xbrl.org/2003/arcrole/parent-child" xlink:from="loc_rrProspectusLineItems" xlink:to="loc_rrRiskHeading" xlink:type="arc" />
      <link:loc xlink:type="locator" xlink:href="http://xbrl.sec.gov/rr/2012/rr-2012-01-31.xsd#rr_RiskNarrativeTextBlock" xlink:label="loc_rrRiskNarrativeTextBlock" />
      <link:presentationArc order="280" xlink:arcrole="http://www.xbrl.org/2003/arcrole/parent-child" xlink:from="loc_rrProspectusLineItems" xlink:to="loc_rrRiskNarrativeTextBlock" xlink:type="arc" />
      <link:loc xlink:type="locator" xlink:href="http://xbrl.sec.gov/rr/2012/rr-2012-01-31.xsd#rr_RiskFootnotesTextBlock" xlink:label="loc_rrRiskFootnotesTextBlock" />
      <link:presentationArc order="290" xlink:arcrole="http://www.xbrl.org/2003/arcrole/parent-child" xlink:from="loc_rrProspectusLineItems" xlink:to="loc_rrRiskFootnotesTextBlock" xlink:type="arc" />
      <link:loc xlink:type="locator" xlink:href="http://xbrl.sec.gov/rr/2012/rr-2012-01-31.xsd#rr_RiskClosingTextBlock" xlink:label="loc_rrRiskClosingTextBlock" />
      <link:presentationArc order="300" xlink:arcrole="http://www.xbrl.org/2003/arcrole/parent-child" xlink:from="loc_rrProspectusLineItems" xlink:to="loc_rrRiskClosingTextBlock" xlink:type="arc" />
      <link:loc xlink:type="locator" xlink:href="http://xbrl.sec.gov/rr/2012/rr-2012-01-31.xsd#rr_BarChartAndPerformanceTableHeading" xlink:label="loc_rrBarChartAndPerformanceTableHeading" />
      <link:presentationArc order="310" xlink:arcrole="http://www.xbrl.org/2003/arcrole/parent-child" xlink:from="loc_rrProspectusLineItems" xlink:to="loc_rrBarChartAndPerformanceTableHeading" xlink:type="arc" />
      <link:loc xlink:type="locator" xlink:href="http://xbrl.sec.gov/rr/2012/rr-2012-01-31.xsd#rr_PerformanceNarrativeTextBlock" xlink:label="loc_rrPerformanceNarrativeTextBlock" />
      <link:presentationArc order="320" xlink:arcrole="http://www.xbrl.org/2003/arcrole/parent-child" xlink:from="loc_rrProspectusLineItems" xlink:to="loc_rrPerformanceNarrativeTextBlock" xlink:type="arc" />
      <link:loc xlink:type="locator" xlink:href="http://xbrl.sec.gov/rr/2012/rr-2012-01-31.xsd#rr_BarChartNarrativeTextBlock" xlink:label="loc_rrBarChartNarrativeTextBlock" />
      <link:presentationArc order="330" xlink:arcrole="http://www.xbrl.org/2003/arcrole/parent-child" xlink:from="loc_rrProspectusLineItems" xlink:to="loc_rrBarChartNarrativeTextBlock" xlink:type="arc" />
      <link:loc xlink:type="locator" xlink:href="http://xbrl.sec.gov/rr/2012/rr-2012-01-31.xsd#rr_BarChartHeading" xlink:label="loc_rrBarChartHeading" />
      <link:presentationArc order="340" xlink:arcrole="http://www.xbrl.org/2003/arcrole/parent-child" xlink:from="loc_rrProspectusLineItems" xlink:to="loc_rrBarChartHeading" xlink:type="arc" />
      <link:loc xlink:type="locator" xlink:href="http://xbrl.sec.gov/rr/2012/rr-2012-01-31.xsd#rr_BarChartTableTextBlock" xlink:label="loc_rrBarChartTableTextBlock" />
      <link:presentationArc order="350" xlink:arcrole="http://www.xbrl.org/2003/arcrole/parent-child" xlink:from="loc_rrProspectusLineItems" xlink:to="loc_rrBarChartTableTextBlock" xlink:type="arc" />
      <link:loc xlink:type="locator" xlink:href="http://xbrl.sec.gov/rr/2012/rr-2012-01-31.xsd#rr_BarChartFootnotesTextBlock" xlink:label="loc_rrBarChartFootnotesTextBlock" />
      <link:presentationArc order="360" xlink:arcrole="http://www.xbrl.org/2003/arcrole/parent-child" xlink:from="loc_rrProspectusLineItems" xlink:to="loc_rrBarChartFootnotesTextBlock" xlink:type="arc" />
      <link:loc xlink:type="locator" xlink:href="http://xbrl.sec.gov/rr/2012/rr-2012-01-31.xsd#rr_BarChartClosingTextBlock" xlink:label="loc_rrBarChartClosingTextBlock" />
      <link:presentationArc order="370" xlink:arcrole="http://www.xbrl.org/2003/arcrole/parent-child" xlink:from="loc_rrProspectusLineItems" xlink:to="loc_rrBarChartClosingTextBlock" xlink:type="arc" />
      <link:loc xlink:type="locator" xlink:href="http://xbrl.sec.gov/rr/2012/rr-2012-01-31.xsd#rr_PerformanceTableHeading" xlink:label="loc_rrPerformanceTableHeading" />
      <link:presentationArc order="380" xlink:arcrole="http://www.xbrl.org/2003/arcrole/parent-child" xlink:from="loc_rrProspectusLineItems" xlink:to="loc_rrPerformanceTableHeading" xlink:type="arc" />
      <link:loc xlink:type="locator" xlink:href="http://xbrl.sec.gov/rr/2012/rr-2012-01-31.xsd#rr_PerformanceTableNarrativeTextBlock" xlink:label="loc_rrPerformanceTableNarrativeTextBlock" />
      <link:presentationArc order="390" xlink:arcrole="http://www.xbrl.org/2003/arcrole/parent-child" xlink:from="loc_rrProspectusLineItems" xlink:to="loc_rrPerformanceTableNarrativeTextBlock" xlink:type="arc" />
      <link:loc xlink:type="locator" xlink:href="http://xbrl.sec.gov/rr/2012/rr-2012-01-31.xsd#rr_PerformanceTableTextBlock" xlink:label="loc_rrPerformanceTableTextBlock" />
      <link:presentationArc order="400" xlink:arcrole="http://www.xbrl.org/2003/arcrole/parent-child" xlink:from="loc_rrProspectusLineItems" xlink:to="loc_rrPerformanceTableTextBlock" xlink:type="arc" />
      <link:loc xlink:type="locator" xlink:href="http://xbrl.sec.gov/rr/2012/rr-2012-01-31.xsd#rr_MarketIndexPerformanceTableTextBlock" xlink:label="loc_rrMarketIndexPerformanceTableTextBlock" />
      <link:presentationArc order="410" xlink:arcrole="http://www.xbrl.org/2003/arcrole/parent-child" xlink:from="loc_rrProspectusLineItems" xlink:to="loc_rrMarketIndexPerformanceTableTextBlock" xlink:type="arc" />
      <link:loc xlink:type="locator" xlink:href="http://xbrl.sec.gov/rr/2012/rr-2012-01-31.xsd#rr_PerformanceTableFootnotesTextBlock" xlink:label="loc_rrPerformanceTableFootnotesTextBlock" />
      <link:presentationArc order="420" xlink:arcrole="http://www.xbrl.org/2003/arcrole/parent-child" xlink:from="loc_rrProspectusLineItems" xlink:to="loc_rrPerformanceTableFootnotesTextBlock" xlink:type="arc" />
      <link:loc xlink:type="locator" xlink:href="http://xbrl.sec.gov/rr/2012/rr-2012-01-31.xsd#rr_PerformanceTableClosingTextBlock" xlink:label="loc_rrPerformanceTableClosingTextBlock" />
      <link:presentationArc order="430" xlink:arcrole="http://www.xbrl.org/2003/arcrole/parent-child" xlink:from="loc_rrProspectusLineItems" xlink:to="loc_rrPerformanceTableClosingTextBlock" xlink:type="arc" />
    </link:presentationLink>
    <link:presentationLink xlink:type="extended" xlink:role="http://xbrl.sec.gov/rr/role/RiskReturn" xlink:title="00000005 - Document - Risk/Return Summary">
      <link:loc xlink:type="locator" xlink:href="http://xbrl.sec.gov/rr/2012/rr-2012-01-31.xsd#rr_RiskReturnAbstract" xlink:label="loc_rrRiskReturnAbstract" />
      <link:loc xlink:type="locator" xlink:href="http://xbrl.sec.gov/dei/2012/dei-2012-01-31.xsd#dei_LegalEntityAxis" xlink:label="loc_deiLegalEntityAxis" />
      <link:presentationArc xlink:type="arc" xlink:arcrole="http://www.xbrl.org/2003/arcrole/parent-child" xlink:from="loc_rrRiskReturnAbstract" xlink:to="loc_deiLegalEntityAxis" order="1100" />
      <link:loc xlink:type="locator" xlink:href="http://xbrl.sec.gov/dei/2012/dei-2012-01-31.xsd#dei_EntityDomain" xlink:label="loc_deiEntityDomain" />
      <link:presentationArc xlink:type="arc" xlink:arcrole="http://www.xbrl.org/2003/arcrole/parent-child" xlink:from="loc_deiLegalEntityAxis" xlink:to="loc_deiEntityDomain" order="10" />
      <link:loc xlink:type="locator" xlink:href="ck0001727398-20190308.xsd#ck0001727398_S000061584Member" xlink:label="loc_ck0001727398S000061584Member" />
      <link:presentationArc order="20" xlink:arcrole="http://www.xbrl.org/2003/arcrole/parent-child" xlink:from="loc_deiLegalEntityAxis" xlink:to="loc_ck0001727398S000061584Member" xlink:type="arc" />
    </link:presentationLink>
    <link:presentationLink xlink:type="extended" xlink:role="http://xbrl.sec.gov/rr/role/ShareholderFeesData" xlink:title="00000006 - Schedule - Shareholder Fees">
      <link:loc xlink:type="locator" xlink:href="http://xbrl.sec.gov/rr/2012/rr-2012-01-31.xsd#rr_ShareholderFeesAbstract" xlink:label="loc_rrShareholderFeesAbstract" />
      <link:loc xlink:type="locator" xlink:href="http://xbrl.sec.gov/rr/2012/rr-2012-01-31.xsd#rr_RedemptionFeeOverRedemption" xlink:label="loc_rrRedemptionFeeOverRedemption" />
      <link:presentationArc order="8.0" xlink:arcrole="http://www.xbrl.org/2003/arcrole/parent-child" xlink:from="loc_rrShareholderFeesAbstract" xlink:to="loc_rrRedemptionFeeOverRedemption" xlink:type="arc" use="prohibited" priority="0" />
      <link:loc xlink:type="locator" xlink:href="http://xbrl.sec.gov/rr/2012/rr-2012-01-31.xsd#rr_RedemptionFeeOverRedemption" xlink:label="loc_rrRedemptionFeeOverRedemption_2" />
      <link:presentationArc order="8.5" xlink:arcrole="http://www.xbrl.org/2003/arcrole/parent-child" xlink:from="loc_rrShareholderFeesAbstract" xlink:to="loc_rrRedemptionFeeOverRedemption_2" xlink:type="arc" preferredLabel="http://www.xbrl.org/2009/role/negatedLabel" priority="1" />
      <link:loc xlink:type="locator" xlink:href="http://xbrl.sec.gov/dei/2012/dei-2012-01-31.xsd#dei_LegalEntityAxis" xlink:label="loc_deiLegalEntityAxis" />
      <link:presentationArc xlink:type="arc" xlink:arcrole="http://www.xbrl.org/2003/arcrole/parent-child" xlink:from="loc_rrShareholderFeesAbstract" xlink:to="loc_deiLegalEntityAxis" order="1100" />
      <link:loc xlink:type="locator" xlink:href="http://xbrl.sec.gov/dei/2012/dei-2012-01-31.xsd#dei_EntityDomain" xlink:label="loc_deiEntityDomain" />
      <link:presentationArc xlink:type="arc" xlink:arcrole="http://www.xbrl.org/2003/arcrole/parent-child" xlink:from="loc_deiLegalEntityAxis" xlink:to="loc_deiEntityDomain" order="10" />
      <link:loc xlink:type="locator" xlink:href="ck0001727398-20190308.xsd#ck0001727398_S000061584Member" xlink:label="loc_ck0001727398S000061584Member" />
      <link:presentationArc order="20" xlink:arcrole="http://www.xbrl.org/2003/arcrole/parent-child" xlink:from="loc_deiLegalEntityAxis" xlink:to="loc_ck0001727398S000061584Member" xlink:type="arc" />
      <link:loc xlink:type="locator" xlink:href="http://xbrl.sec.gov/rr/2012/rr-2012-01-31.xsd#rr_ProspectusShareClassAxis" xlink:label="loc_rrProspectusShareClassAxis" />
      <link:presentationArc xlink:type="arc" xlink:arcrole="http://www.xbrl.org/2003/arcrole/parent-child" xlink:from="loc_rrShareholderFeesAbstract" xlink:to="loc_rrProspectusShareClassAxis" order="1300" />
      <link:loc xlink:type="locator" xlink:href="http://xbrl.sec.gov/rr/2012/rr-2012-01-31.xsd#rr_ShareClassDomain" xlink:label="loc_rrShareClassDomain" />
      <link:presentationArc xlink:type="arc" xlink:arcrole="http://www.xbrl.org/2003/arcrole/parent-child" xlink:from="loc_rrProspectusShareClassAxis" xlink:to="loc_rrShareClassDomain" order="10" />
      <link:loc xlink:type="locator" xlink:href="ck0001727398-20190308.xsd#ck0001727398_C000199461Member" xlink:label="loc_ck0001727398C000199461Member" />
      <link:presentationArc order="20" xlink:arcrole="http://www.xbrl.org/2003/arcrole/parent-child" xlink:from="loc_rrProspectusShareClassAxis" xlink:to="loc_ck0001727398C000199461Member" xlink:type="arc" preferredLabel="http://www.xbrl.org/2003/role/verboseLabel" />
    </link:presentationLink>
    <link:presentationLink xlink:type="extended" xlink:role="http://xbrl.sec.gov/rr/role/OperatingExpensesData" xlink:title="00000007 - Schedule - Annual Fund Operating Expenses">
      <link:loc xlink:type="locator" xlink:href="http://xbrl.sec.gov/rr/2012/rr-2012-01-31.xsd#rr_OperatingExpensesAbstract" xlink:label="loc_rrOperatingExpensesAbstract" />
      <link:loc xlink:type="locator" xlink:href="http://xbrl.sec.gov/dei/2012/dei-2012-01-31.xsd#dei_LegalEntityAxis" xlink:label="loc_deiLegalEntityAxis" />
      <link:presentationArc xlink:type="arc" xlink:arcrole="http://www.xbrl.org/2003/arcrole/parent-child" xlink:from="loc_rrOperatingExpensesAbstract" xlink:to="loc_deiLegalEntityAxis" order="1100" />
      <link:loc xlink:type="locator" xlink:href="http://xbrl.sec.gov/dei/2012/dei-2012-01-31.xsd#dei_EntityDomain" xlink:label="loc_deiEntityDomain" />
      <link:presentationArc xlink:type="arc" xlink:arcrole="http://www.xbrl.org/2003/arcrole/parent-child" xlink:from="loc_deiLegalEntityAxis" xlink:to="loc_deiEntityDomain" order="10" />
      <link:loc xlink:type="locator" xlink:href="ck0001727398-20190308.xsd#ck0001727398_S000061584Member" xlink:label="loc_ck0001727398S000061584Member" />
      <link:presentationArc order="20" xlink:arcrole="http://www.xbrl.org/2003/arcrole/parent-child" xlink:from="loc_deiLegalEntityAxis" xlink:to="loc_ck0001727398S000061584Member" xlink:type="arc" />
      <link:loc xlink:type="locator" xlink:href="http://xbrl.sec.gov/rr/2012/rr-2012-01-31.xsd#rr_ProspectusShareClassAxis" xlink:label="loc_rrProspectusShareClassAxis" />
      <link:presentationArc xlink:type="arc" xlink:arcrole="http://www.xbrl.org/2003/arcrole/parent-child" xlink:from="loc_rrOperatingExpensesAbstract" xlink:to="loc_rrProspectusShareClassAxis" order="1300" />
      <link:loc xlink:type="locator" xlink:href="http://xbrl.sec.gov/rr/2012/rr-2012-01-31.xsd#rr_ShareClassDomain" xlink:label="loc_rrShareClassDomain" />
      <link:presentationArc xlink:type="arc" xlink:arcrole="http://www.xbrl.org/2003/arcrole/parent-child" xlink:from="loc_rrProspectusShareClassAxis" xlink:to="loc_rrShareClassDomain" order="10" />
      <link:loc xlink:type="locator" xlink:href="ck0001727398-20190308.xsd#ck0001727398_C000199461Member" xlink:label="loc_ck0001727398C000199461Member" />
      <link:presentationArc order="20" xlink:arcrole="http://www.xbrl.org/2003/arcrole/parent-child" xlink:from="loc_rrProspectusShareClassAxis" xlink:to="loc_ck0001727398C000199461Member" xlink:type="arc" preferredLabel="http://www.xbrl.org/2003/role/verboseLabel" />
    </link:presentationLink>
    <link:presentationLink xlink:type="extended" xlink:role="http://xbrl.sec.gov/rr/role/ExpenseExample" xlink:title="00000008 - Schedule - Expense Example {Transposed}">
      <link:loc xlink:type="locator" xlink:href="http://xbrl.sec.gov/rr/2012/rr-2012-01-31.xsd#rr_ExpenseExampleAbstract" xlink:label="loc_rrExpenseExampleAbstract" />
      <link:loc xlink:type="locator" xlink:href="http://xbrl.sec.gov/rr/2012/rr-2012-01-31.xsd#rr_ExpenseExampleYear01" xlink:label="loc_rrExpenseExampleYear01" />
      <link:presentationArc order="2.0" xlink:arcrole="http://www.xbrl.org/2003/arcrole/parent-child" xlink:from="loc_rrExpenseExampleAbstract" xlink:to="loc_rrExpenseExampleYear01" xlink:type="arc" use="prohibited" priority="0" />
      <link:loc xlink:type="locator" xlink:href="http://xbrl.sec.gov/rr/2012/rr-2012-01-31.xsd#rr_ExpenseExampleYear01" xlink:label="loc_rrExpenseExampleYear01_2" />
      <link:presentationArc order="2.5" xlink:arcrole="http://www.xbrl.org/2003/arcrole/parent-child" xlink:from="loc_rrExpenseExampleAbstract" xlink:to="loc_rrExpenseExampleYear01_2" xlink:type="arc" preferredLabel="http://www.xbrl.org/2003/role/terseLabel" priority="1" />
      <link:loc xlink:type="locator" xlink:href="http://xbrl.sec.gov/dei/2012/dei-2012-01-31.xsd#dei_LegalEntityAxis" xlink:label="loc_deiLegalEntityAxis" />
      <link:presentationArc xlink:type="arc" xlink:arcrole="http://www.xbrl.org/2003/arcrole/parent-child" xlink:from="loc_rrExpenseExampleAbstract" xlink:to="loc_deiLegalEntityAxis" order="1100" />
      <link:loc xlink:type="locator" xlink:href="http://xbrl.sec.gov/dei/2012/dei-2012-01-31.xsd#dei_EntityDomain" xlink:label="loc_deiEntityDomain" />
      <link:presentationArc xlink:type="arc" xlink:arcrole="http://www.xbrl.org/2003/arcrole/parent-child" xlink:from="loc_deiLegalEntityAxis" xlink:to="loc_deiEntityDomain" order="10" />
      <link:loc xlink:type="locator" xlink:href="ck0001727398-20190308.xsd#ck0001727398_S000061584Member" xlink:label="loc_ck0001727398S000061584Member" />
      <link:presentationArc order="20" xlink:arcrole="http://www.xbrl.org/2003/arcrole/parent-child" xlink:from="loc_deiLegalEntityAxis" xlink:to="loc_ck0001727398S000061584Member" xlink:type="arc" />
      <link:loc xlink:type="locator" xlink:href="http://xbrl.sec.gov/rr/2012/rr-2012-01-31.xsd#rr_ProspectusShareClassAxis" xlink:label="loc_rrProspectusShareClassAxis" />
      <link:presentationArc xlink:type="arc" xlink:arcrole="http://www.xbrl.org/2003/arcrole/parent-child" xlink:from="loc_rrExpenseExampleAbstract" xlink:to="loc_rrProspectusShareClassAxis" order="1300" />
      <link:loc xlink:type="locator" xlink:href="http://xbrl.sec.gov/rr/2012/rr-2012-01-31.xsd#rr_ShareClassDomain" xlink:label="loc_rrShareClassDomain" />
      <link:presentationArc xlink:type="arc" xlink:arcrole="http://www.xbrl.org/2003/arcrole/parent-child" xlink:from="loc_rrProspectusShareClassAxis" xlink:to="loc_rrShareClassDomain" order="10" />
      <link:loc xlink:type="locator" xlink:href="ck0001727398-20190308.xsd#ck0001727398_C000199461Member" xlink:label="loc_ck0001727398C000199461Member" />
      <link:presentationArc order="20" xlink:arcrole="http://www.xbrl.org/2003/arcrole/parent-child" xlink:from="loc_rrProspectusShareClassAxis" xlink:to="loc_ck0001727398C000199461Member" xlink:type="arc" preferredLabel="http://www.xbrl.org/2003/role/verboseLabel" />
    </link:presentationLink>
    <link:presentationLink xlink:type="extended" xlink:role="http://xbrl.sec.gov/rr/role/ExpenseExampleNoRedemption" xlink:title="00000009 - Schedule - Expense Example, No Redemption {Transposed}">
      <link:loc xlink:type="locator" xlink:href="http://xbrl.sec.gov/rr/2012/rr-2012-01-31.xsd#rr_ExpenseExampleNoRedemptionAbstract" xlink:label="loc_rrExpenseExampleNoRedemptionAbstract" />
      <link:loc xlink:type="locator" xlink:href="http://xbrl.sec.gov/rr/2012/rr-2012-01-31.xsd#rr_ExpenseExampleNoRedemptionYear01" xlink:label="loc_rrExpenseExampleNoRedemptionYear01" />
      <link:presentationArc order="2.0" xlink:arcrole="http://www.xbrl.org/2003/arcrole/parent-child" xlink:from="loc_rrExpenseExampleNoRedemptionAbstract" xlink:to="loc_rrExpenseExampleNoRedemptionYear01" xlink:type="arc" use="prohibited" priority="0" />
      <link:loc xlink:type="locator" xlink:href="http://xbrl.sec.gov/rr/2012/rr-2012-01-31.xsd#rr_ExpenseExampleNoRedemptionYear01" xlink:label="loc_rrExpenseExampleNoRedemptionYear01_2" />
      <link:presentationArc order="2.5" xlink:arcrole="http://www.xbrl.org/2003/arcrole/parent-child" xlink:from="loc_rrExpenseExampleNoRedemptionAbstract" xlink:to="loc_rrExpenseExampleNoRedemptionYear01_2" xlink:type="arc" preferredLabel="http://www.xbrl.org/2003/role/terseLabel" priority="1" />
      <link:loc xlink:type="locator" xlink:href="http://xbrl.sec.gov/rr/2012/rr-2012-01-31.xsd#rr_ExpenseExampleNoRedemptionYear03" xlink:label="loc_rrExpenseExampleNoRedemptionYear03" />
      <link:presentationArc order="3.0" xlink:arcrole="http://www.xbrl.org/2003/arcrole/parent-child" xlink:from="loc_rrExpenseExampleNoRedemptionAbstract" xlink:to="loc_rrExpenseExampleNoRedemptionYear03" xlink:type="arc" use="prohibited" priority="0" />
      <link:loc xlink:type="locator" xlink:href="http://xbrl.sec.gov/rr/2012/rr-2012-01-31.xsd#rr_ExpenseExampleNoRedemptionYear03" xlink:label="loc_rrExpenseExampleNoRedemptionYear03_2" />
      <link:presentationArc order="3.5" xlink:arcrole="http://www.xbrl.org/2003/arcrole/parent-child" xlink:from="loc_rrExpenseExampleNoRedemptionAbstract" xlink:to="loc_rrExpenseExampleNoRedemptionYear03_2" xlink:type="arc" preferredLabel="http://www.xbrl.org/2003/role/verboseLabel" priority="1" />
      <link:loc xlink:type="locator" xlink:href="http://xbrl.sec.gov/dei/2012/dei-2012-01-31.xsd#dei_LegalEntityAxis" xlink:label="loc_deiLegalEntityAxis" />
      <link:presentationArc xlink:type="arc" xlink:arcrole="http://www.xbrl.org/2003/arcrole/parent-child" xlink:from="loc_rrExpenseExampleNoRedemptionAbstract" xlink:to="loc_deiLegalEntityAxis" order="1100" />
      <link:loc xlink:type="locator" xlink:href="http://xbrl.sec.gov/dei/2012/dei-2012-01-31.xsd#dei_EntityDomain" xlink:label="loc_deiEntityDomain" />
      <link:presentationArc xlink:type="arc" xlink:arcrole="http://www.xbrl.org/2003/arcrole/parent-child" xlink:from="loc_deiLegalEntityAxis" xlink:to="loc_deiEntityDomain" order="10" />
      <link:loc xlink:type="locator" xlink:href="ck0001727398-20190308.xsd#ck0001727398_S000061584Member" xlink:label="loc_ck0001727398S000061584Member" />
      <link:presentationArc order="20" xlink:arcrole="http://www.xbrl.org/2003/arcrole/parent-child" xlink:from="loc_deiLegalEntityAxis" xlink:to="loc_ck0001727398S000061584Member" xlink:type="arc" />
      <link:loc xlink:type="locator" xlink:href="http://xbrl.sec.gov/rr/2012/rr-2012-01-31.xsd#rr_ProspectusShareClassAxis" xlink:label="loc_rrProspectusShareClassAxis" />
      <link:presentationArc xlink:type="arc" xlink:arcrole="http://www.xbrl.org/2003/arcrole/parent-child" xlink:from="loc_rrExpenseExampleNoRedemptionAbstract" xlink:to="loc_rrProspectusShareClassAxis" order="1300" />
      <link:loc xlink:type="locator" xlink:href="http://xbrl.sec.gov/rr/2012/rr-2012-01-31.xsd#rr_ShareClassDomain" xlink:label="loc_rrShareClassDomain" />
      <link:presentationArc xlink:type="arc" xlink:arcrole="http://www.xbrl.org/2003/arcrole/parent-child" xlink:from="loc_rrProspectusShareClassAxis" xlink:to="loc_rrShareClassDomain" order="10" />
      <link:loc xlink:type="locator" xlink:href="ck0001727398-20190308.xsd#ck0001727398_C000199461Member" xlink:label="loc_ck0001727398C000199461Member" />
      <link:presentationArc order="20" xlink:arcrole="http://www.xbrl.org/2003/arcrole/parent-child" xlink:from="loc_rrProspectusShareClassAxis" xlink:to="loc_ck0001727398C000199461Member" xlink:type="arc" preferredLabel="http://www.xbrl.org/2003/role/verboseLabel" />
    </link:presentationLink>
    <link:presentationLink xlink:type="extended" xlink:role="http://xbrl.sec.gov/rr/role/BarChartData" xlink:title="00000010 - Schedule - Annual Total Returns">
      <link:loc xlink:type="locator" xlink:href="http://xbrl.sec.gov/rr/2012/rr-2012-01-31.xsd#rr_BarChartTableAbstract" xlink:label="loc_rrBarChartTableAbstract" />
      <link:loc xlink:type="locator" xlink:href="http://xbrl.sec.gov/dei/2012/dei-2012-01-31.xsd#dei_LegalEntityAxis" xlink:label="loc_deiLegalEntityAxis" />
      <link:presentationArc xlink:type="arc" xlink:arcrole="http://www.xbrl.org/2003/arcrole/parent-child" xlink:from="loc_rrBarChartTableAbstract" xlink:to="loc_deiLegalEntityAxis" order="1100" />
      <link:loc xlink:type="locator" xlink:href="http://xbrl.sec.gov/dei/2012/dei-2012-01-31.xsd#dei_EntityDomain" xlink:label="loc_deiEntityDomain" />
      <link:presentationArc xlink:type="arc" xlink:arcrole="http://www.xbrl.org/2003/arcrole/parent-child" xlink:from="loc_deiLegalEntityAxis" xlink:to="loc_deiEntityDomain" order="10" />
      <link:loc xlink:type="locator" xlink:href="ck0001727398-20190308.xsd#ck0001727398_S000061584Member" xlink:label="loc_ck0001727398S000061584Member" />
      <link:presentationArc order="20" xlink:arcrole="http://www.xbrl.org/2003/arcrole/parent-child" xlink:from="loc_deiLegalEntityAxis" xlink:to="loc_ck0001727398S000061584Member" xlink:type="arc" />
      <link:loc xlink:type="locator" xlink:href="http://xbrl.sec.gov/rr/2012/rr-2012-01-31.xsd#rr_ProspectusShareClassAxis" xlink:label="loc_rrProspectusShareClassAxis" />
      <link:presentationArc xlink:type="arc" xlink:arcrole="http://www.xbrl.org/2003/arcrole/parent-child" xlink:from="loc_rrBarChartTableAbstract" xlink:to="loc_rrProspectusShareClassAxis" order="1300" />
      <link:loc xlink:type="locator" xlink:href="http://xbrl.sec.gov/rr/2012/rr-2012-01-31.xsd#rr_ShareClassDomain" xlink:label="loc_rrShareClassDomain" />
      <link:presentationArc xlink:type="arc" xlink:arcrole="http://www.xbrl.org/2003/arcrole/parent-child" xlink:from="loc_rrProspectusShareClassAxis" xlink:to="loc_rrShareClassDomain" order="10" />
      <link:loc xlink:type="locator" xlink:href="ck0001727398-20190308.xsd#ck0001727398_C000199461Member" xlink:label="loc_ck0001727398C000199461Member" />
      <link:presentationArc order="20" xlink:arcrole="http://www.xbrl.org/2003/arcrole/parent-child" xlink:from="loc_rrProspectusShareClassAxis" xlink:to="loc_ck0001727398C000199461Member" xlink:type="arc" preferredLabel="http://www.xbrl.org/2003/role/verboseLabel" />
    </link:presentationLink>
    <link:presentationLink xlink:type="extended" xlink:role="http://xbrl.sec.gov/rr/role/PerformanceTableData" xlink:title="00000011 - Schedule - Average Annual Total Returns {Transposed}">
      <link:loc xlink:type="locator" xlink:href="http://xbrl.sec.gov/rr/2012/rr-2012-01-31.xsd#rr_AverageAnnualReturnAbstract" xlink:label="loc_rrAverageAnnualReturnAbstract" />
      <link:loc xlink:type="locator" xlink:href="http://xbrl.sec.gov/dei/2012/dei-2012-01-31.xsd#dei_LegalEntityAxis" xlink:label="loc_deiLegalEntityAxis" />
      <link:presentationArc xlink:type="arc" xlink:arcrole="http://www.xbrl.org/2003/arcrole/parent-child" xlink:from="loc_rrAverageAnnualReturnAbstract" xlink:to="loc_deiLegalEntityAxis" order="1100" />
      <link:loc xlink:type="locator" xlink:href="http://xbrl.sec.gov/dei/2012/dei-2012-01-31.xsd#dei_EntityDomain" xlink:label="loc_deiEntityDomain" />
      <link:presentationArc xlink:type="arc" xlink:arcrole="http://www.xbrl.org/2003/arcrole/parent-child" xlink:from="loc_deiLegalEntityAxis" xlink:to="loc_deiEntityDomain" order="10" />
      <link:loc xlink:type="locator" xlink:href="ck0001727398-20190308.xsd#ck0001727398_S000061584Member" xlink:label="loc_ck0001727398S000061584Member" />
      <link:presentationArc order="20" xlink:arcrole="http://www.xbrl.org/2003/arcrole/parent-child" xlink:from="loc_deiLegalEntityAxis" xlink:to="loc_ck0001727398S000061584Member" xlink:type="arc" />
      <link:loc xlink:type="locator" xlink:href="http://xbrl.sec.gov/rr/2012/rr-2012-01-31.xsd#rr_ProspectusShareClassAxis" xlink:label="loc_rrProspectusShareClassAxis" />
      <link:presentationArc xlink:type="arc" xlink:arcrole="http://www.xbrl.org/2003/arcrole/parent-child" xlink:from="loc_rrAverageAnnualReturnAbstract" xlink:to="loc_rrProspectusShareClassAxis" order="1300" />
      <link:loc xlink:type="locator" xlink:href="http://xbrl.sec.gov/rr/2012/rr-2012-01-31.xsd#rr_ShareClassDomain" xlink:label="loc_rrShareClassDomain" />
      <link:presentationArc xlink:type="arc" xlink:arcrole="http://www.xbrl.org/2003/arcrole/parent-child" xlink:from="loc_rrProspectusShareClassAxis" xlink:to="loc_rrShareClassDomain" order="100" />
      <link:loc xlink:type="locator" xlink:href="ck0001727398-20190308.xsd#ck0001727398_C000199461Member" xlink:label="loc_ck0001727398C000199461Member" />
      <link:presentationArc order="0" xlink:arcrole="http://www.xbrl.org/2003/arcrole/parent-child" xlink:from="loc_rrProspectusShareClassAxis" xlink:to="loc_ck0001727398C000199461Member" xlink:type="arc" preferredLabel="http://www.xbrl.org/2003/role/verboseLabel" />
      <link:loc xlink:type="locator" xlink:href="http://xbrl.sec.gov/rr/2012/rr-2012-01-31.xsd#rr_PerformanceMeasureAxis" xlink:label="loc_rrPerformanceMeasureAxis" />
      <link:presentationArc xlink:type="arc" xlink:arcrole="http://www.xbrl.org/2003/arcrole/parent-child" xlink:from="loc_rrAverageAnnualReturnAbstract" xlink:to="loc_rrPerformanceMeasureAxis" order="1200" />
      <link:loc xlink:type="locator" xlink:href="http://xbrl.sec.gov/rr/2012/rr-2012-01-31.xsd#rr_PerformanceMeasureDomain" xlink:label="loc_rrPerformanceMeasureDomain" />
      <link:presentationArc xlink:type="arc" xlink:arcrole="http://www.xbrl.org/2003/arcrole/parent-child" xlink:from="loc_rrPerformanceMeasureAxis" xlink:to="loc_rrPerformanceMeasureDomain" order="100" />
      <link:loc xlink:type="locator" xlink:href="http://xbrl.sec.gov/rr/2012/rr-2012-01-31.xsd#rr_AfterTaxesOnDistributionsMember" xlink:label="loc_rrAfterTaxesOnDistributionsMember" />
      <link:presentationArc xlink:type="arc" xlink:arcrole="http://www.xbrl.org/2003/arcrole/parent-child" xlink:from="loc_rrPerformanceMeasureAxis" xlink:to="loc_rrAfterTaxesOnDistributionsMember" order="120" />
      <link:loc xlink:type="locator" xlink:href="http://xbrl.sec.gov/rr/2012/rr-2012-01-31.xsd#rr_AfterTaxesOnDistributionsAndSalesMember" xlink:label="loc_rrAfterTaxesOnDistributionsAndSalesMember" />
      <link:presentationArc xlink:type="arc" xlink:arcrole="http://www.xbrl.org/2003/arcrole/parent-child" xlink:from="loc_rrPerformanceMeasureAxis" xlink:to="loc_rrAfterTaxesOnDistributionsAndSalesMember" order="130" />
    </link:presentationLink>
    <link:presentationLink xlink:type="extended" xlink:role="http://xbrl.sec.gov/rr/role/RiskReturnDetailData" xlink:title="00000012 - Disclosure - Risk/Return Detail Data {Elements}">
      <link:loc xlink:type="locator" xlink:href="http://xbrl.sec.gov/rr/2012/rr-2012-01-31.xsd#rr_RiskReturnAbstract" xlink:label="loc_rrRiskReturnAbstract" />
      <link:loc xlink:type="locator" xlink:href="http://xbrl.sec.gov/dei/2012/dei-2012-01-31.xsd#dei_LegalEntityAxis" xlink:label="loc_deiLegalEntityAxis" />
      <link:presentationArc xlink:type="arc" xlink:arcrole="http://www.xbrl.org/2003/arcrole/parent-child" xlink:from="loc_rrRiskReturnAbstract" xlink:to="loc_deiLegalEntityAxis" order="1100" />
      <link:loc xlink:type="locator" xlink:href="http://xbrl.sec.gov/dei/2012/dei-2012-01-31.xsd#dei_EntityDomain" xlink:label="loc_deiEntityDomain" />
      <link:presentationArc xlink:type="arc" xlink:arcrole="http://www.xbrl.org/2003/arcrole/parent-child" xlink:from="loc_deiLegalEntityAxis" xlink:to="loc_deiEntityDomain" order="10" />
      <link:loc xlink:type="locator" xlink:href="ck0001727398-20190308.xsd#ck0001727398_S000061584Member" xlink:label="loc_ck0001727398S000061584Member" />
      <link:presentationArc order="20" xlink:arcrole="http://www.xbrl.org/2003/arcrole/parent-child" xlink:from="loc_deiLegalEntityAxis" xlink:to="loc_ck0001727398S000061584Member" xlink:type="arc" />
      <link:loc xlink:type="locator" xlink:href="http://xbrl.sec.gov/rr/2012/rr-2012-01-31.xsd#rr_ProspectusShareClassAxis" xlink:label="loc_rrProspectusShareClassAxis" />
      <link:presentationArc xlink:type="arc" xlink:arcrole="http://www.xbrl.org/2003/arcrole/parent-child" xlink:from="loc_rrRiskReturnAbstract" xlink:to="loc_rrProspectusShareClassAxis" order="1300" />
      <link:loc xlink:type="locator" xlink:href="http://xbrl.sec.gov/rr/2012/rr-2012-01-31.xsd#rr_ShareClassDomain" xlink:label="loc_rrShareClassDomain" />
      <link:presentationArc xlink:type="arc" xlink:arcrole="http://www.xbrl.org/2003/arcrole/parent-child" xlink:from="loc_rrProspectusShareClassAxis" xlink:to="loc_rrShareClassDomain" order="10" />
      <link:loc xlink:type="locator" xlink:href="ck0001727398-20190308.xsd#ck0001727398_C000199461Member" xlink:label="loc_ck0001727398C000199461Member" />
      <link:presentationArc order="20" xlink:arcrole="http://www.xbrl.org/2003/arcrole/parent-child" xlink:from="loc_rrProspectusShareClassAxis" xlink:to="loc_ck0001727398C000199461Member" xlink:type="arc" preferredLabel="http://www.xbrl.org/2003/role/verboseLabel" />
      <link:loc xlink:type="locator" xlink:href="http://xbrl.sec.gov/rr/2012/rr-2012-01-31.xsd#rr_PerformanceMeasureAxis" xlink:label="loc_rrPerformanceMeasureAxis" />
      <link:presentationArc xlink:type="arc" xlink:arcrole="http://www.xbrl.org/2003/arcrole/parent-child" xlink:from="loc_rrRiskReturnAbstract" xlink:to="loc_rrPerformanceMeasureAxis" order="1200" />
      <link:loc xlink:type="locator" xlink:href="http://xbrl.sec.gov/rr/2012/rr-2012-01-31.xsd#rr_PerformanceMeasureDomain" xlink:label="loc_rrPerformanceMeasureDomain" />
      <link:presentationArc xlink:type="arc" xlink:arcrole="http://www.xbrl.org/2003/arcrole/parent-child" xlink:from="loc_rrPerformanceMeasureAxis" xlink:to="loc_rrPerformanceMeasureDomain" order="10" />
      <link:loc xlink:type="locator" xlink:href="http://xbrl.sec.gov/rr/2012/rr-2012-01-31.xsd#rr_AfterTaxesOnDistributionsMember" xlink:label="loc_rrAfterTaxesOnDistributionsMember" />
      <link:presentationArc xlink:type="arc" xlink:arcrole="http://www.xbrl.org/2003/arcrole/parent-child" xlink:from="loc_rrPerformanceMeasureAxis" xlink:to="loc_rrAfterTaxesOnDistributionsMember" order="30" />
      <link:loc xlink:type="locator" xlink:href="http://xbrl.sec.gov/rr/2012/rr-2012-01-31.xsd#rr_AfterTaxesOnDistributionsAndSalesMember" xlink:label="loc_rrAfterTaxesOnDistributionsAndSalesMember" />
      <link:presentationArc xlink:type="arc" xlink:arcrole="http://www.xbrl.org/2003/arcrole/parent-child" xlink:from="loc_rrPerformanceMeasureAxis" xlink:to="loc_rrAfterTaxesOnDistributionsAndSalesMember" order="40" />
    </link:presentationLink>
    <link:presentationLink xlink:type="extended" xlink:role="http://xbrl.sec.gov/rr/role/RiskReturnDetail" xlink:title="00000013 - Document - Risk/Return Detail {Unlabeled}">
      <link:loc xlink:type="locator" xlink:href="http://xbrl.sec.gov/rr/2012/rr-2012-01-31.xsd#rr_RiskReturnAbstract" xlink:label="loc_rrRiskReturnAbstract" />
    </link:presentationLink>
    <link:presentationLink xlink:type="extended" xlink:role="http://xbrl.sec.gov/rr/role/Series">
      <link:loc xlink:type="locator" xlink:href="http://xbrl.sec.gov/dei/2012/dei-2012-01-31.xsd#dei_LegalEntityAxis" xlink:label="loc_deiLegalEntityAxis" />
      <link:loc xlink:type="locator" xlink:href="ck0001727398-20190308.xsd#ck0001727398_S000061584Member" xlink:label="loc_ck0001727398S000061584Member" />
      <link:presentationArc order="0" xlink:arcrole="http://www.xbrl.org/2003/arcrole/parent-child" xlink:from="loc_deiLegalEntityAxis" xlink:to="loc_ck0001727398S000061584Member" xlink:type="arc" />
    </link:presentationLink>
    <link:presentationLink xlink:type="extended" xlink:role="http://xbrl.sec.gov/rr/role/Class">
      <link:loc xlink:type="locator" xlink:href="http://xbrl.sec.gov/rr/2012/rr-2012-01-31.xsd#rr_ProspectusShareClassAxis" xlink:label="loc_rrProspectusShareClassAxis" />
      <link:loc xlink:type="locator" xlink:href="ck0001727398-20190308.xsd#ck0001727398_C000199461Member" xlink:label="loc_ck0001727398C000199461Member" />
      <link:presentationArc order="500" xlink:arcrole="http://www.xbrl.org/2003/arcrole/parent-child" xlink:from="loc_rrProspectusShareClassAxis" xlink:to="loc_ck0001727398C000199461Member" xlink:type="arc" preferredLabel="http://www.xbrl.org/2003/role/verboseLabel" />
    </link:presentationLink>
    <link:presentationLink xlink:type="extended" xlink:role="http://xbrl.sec.gov/rr/role/PerformanceMeasure" />
</link:linkbase>
