<?xml version="1.0" encoding="US-ASCII" ?>
    <!-- Field: Doc-Info; Name: Generator; Value: GoFiler Complete; Version: 4.24a -->
    <!-- Field: Doc-Info; Name: VendorURI; Value: http://www.novaworks.co -->
    <!-- Field: Doc-Info; Name: Source; Value: Procure ETF Trust II.xfr; Date: 2019%2D03%2D25T20:12:48Z -->
    <!-- Field: Doc-Info; Name: Status; Value: 0x80020000 -->
<xbrli:xbrl xmlns:xsi="http://www.w3.org/2001/XMLSchema-instance" xmlns:xlink="http://www.w3.org/1999/xlink" xmlns:link="http://www.xbrl.org/2003/linkbase" xmlns:xbrli="http://www.xbrl.org/2003/instance" xmlns:xbrldt="http://xbrl.org/2005/xbrldt" xmlns:xbrldi="http://xbrl.org/2006/xbrldi" xmlns:dei="http://xbrl.sec.gov/dei/2012-01-31" xmlns:iso4217="http://www.xbrl.org/2003/iso4217" xmlns:rr="http://xbrl.sec.gov/rr/2012-01-31" xmlns:ck0001727398="http://ck0001727398/20190308">
    <link:schemaRef xlink:href="ck0001727398-20190308.xsd" xlink:type="simple" />
    <xbrli:context id="AsOf2019-03-08">
      <xbrli:entity>
        <xbrli:identifier scheme="http://www.sec.gov/CIK">0001727398</xbrli:identifier>
      </xbrli:entity>
      <xbrli:period>
        <xbrli:startDate>2019-03-08</xbrli:startDate>
        <xbrli:endDate>2019-03-08</xbrli:endDate>
      </xbrli:period>
    </xbrli:context>
    <xbrli:context id="AsOf2019-03-08_custom_S000061584Member">
      <xbrli:entity>
        <xbrli:identifier scheme="http://www.sec.gov/CIK">0001727398</xbrli:identifier>
        <xbrli:segment>
          <xbrldi:explicitMember dimension="dei:LegalEntityAxis">ck0001727398:S000061584Member</xbrldi:explicitMember>
        </xbrli:segment>
      </xbrli:entity>
      <xbrli:period>
        <xbrli:startDate>2019-03-08</xbrli:startDate>
        <xbrli:endDate>2019-03-08</xbrli:endDate>
      </xbrli:period>
    </xbrli:context>
    <xbrli:context id="AsOf2019-03-08_custom_S000061584Member_custom_C000199461Member">
      <xbrli:entity>
        <xbrli:identifier scheme="http://www.sec.gov/CIK">0001727398</xbrli:identifier>
        <xbrli:segment>
          <xbrldi:explicitMember dimension="dei:LegalEntityAxis">ck0001727398:S000061584Member</xbrldi:explicitMember>
          <xbrldi:explicitMember dimension="rr:ProspectusShareClassAxis">ck0001727398:C000199461Member</xbrldi:explicitMember>
        </xbrli:segment>
      </xbrli:entity>
      <xbrli:period>
        <xbrli:startDate>2019-03-08</xbrli:startDate>
        <xbrli:endDate>2019-03-08</xbrli:endDate>
      </xbrli:period>
    </xbrli:context>
    <xbrli:unit id="USD">
      <xbrli:measure>iso4217:USD</xbrli:measure>
    </xbrli:unit>
    <xbrli:unit id="Ratio">
      <xbrli:measure>xbrli:pure</xbrli:measure>
    </xbrli:unit>
    <dei:DocumentType contextRef="AsOf2019-03-08">485BPOS</dei:DocumentType>
    <dei:DocumentPeriodEndDate contextRef="AsOf2019-03-08">2019-03-08</dei:DocumentPeriodEndDate>
    <dei:EntityCentralIndexKey contextRef="AsOf2019-03-08">0001727398</dei:EntityCentralIndexKey>
    <dei:AmendmentFlag contextRef="AsOf2019-03-08">false</dei:AmendmentFlag>
    <dei:DocumentCreationDate contextRef="AsOf2019-03-08">2019-03-08</dei:DocumentCreationDate>
    <dei:DocumentEffectiveDate contextRef="AsOf2019-03-08">2019-03-08</dei:DocumentEffectiveDate>
    <rr:ProspectusDate contextRef="AsOf2019-03-08">2019-03-08</rr:ProspectusDate>
    <dei:EntityRegistrantName contextRef="AsOf2019-03-08">Procure ETF Trust II</dei:EntityRegistrantName>
    <rr:RiskReturnHeading contextRef="AsOf2019-03-08_custom_S000061584Member">&lt;p style="font: 8pt Times New Roman, Times, Serif"&gt;&lt;font style="font: 8pt Times New Roman, Times, Serif"&gt;Procure&#13;Space ETF&lt;/font&gt;&lt;/p&gt;</rr:RiskReturnHeading>
    <rr:ObjectivePrimaryTextBlock contextRef="AsOf2019-03-08_custom_S000061584Member">&lt;p style="font: 8pt Times New Roman, Times, Serif"&gt;&lt;font style="font: 8pt Times New Roman, Times, Serif"&gt;Procure&#13;Space ETF (the &amp;#8220;Fund&amp;#8221;) seeks investment results that correspond generally to the performance, before the Fund&amp;#8217;s&#13;fees and expenses, of an equity index called the &amp;#8220;S-Network Space Index&amp;#8221; (the &amp;#8220;Underlying Index&amp;#8221;) developed&#13;by S-Network Global Indexes (the &amp;#8220;Index Provider&amp;#8221;).&lt;/font&gt;&lt;/p&gt;</rr:ObjectivePrimaryTextBlock>
    <rr:ObjectiveHeading contextRef="AsOf2019-03-08_custom_S000061584Member">&lt;p style="font: 8pt Times New Roman, Times, Serif"&gt;&lt;font style="font: 8pt Times New Roman, Times, Serif"&gt;&lt;b&gt;Investment&#13;Objective&lt;/b&gt;&lt;/font&gt;&lt;/p&gt;</rr:ObjectiveHeading>
    <rr:ExpenseHeading contextRef="AsOf2019-03-08_custom_S000061584Member">&lt;p style="font: 8pt Times New Roman, Times, Serif"&gt;&lt;font style="font: 8pt Times New Roman, Times, Serif"&gt;&lt;b&gt;Fees&#13;and Expenses of the Fund&lt;/b&gt;&lt;/font&gt;&lt;/p&gt;</rr:ExpenseHeading>
    <rr:ExpenseNarrativeTextBlock contextRef="AsOf2019-03-08_custom_S000061584Member">&lt;p style="font: 8pt Times New Roman, Times, Serif"&gt;&lt;font style="font: 8pt Times New Roman, Times, Serif"&gt;This&#13;table describes the fees and expenses that you may pay if you buy and hold shares of the Fund (&amp;#8220;Shares&amp;#8221;). Investors&#13;purchasing Shares of the Fund in the secondary market may be subject to costs (including customary brokerage commissions) charged&#13;by their broker.&lt;/font&gt;&lt;/p&gt;</rr:ExpenseNarrativeTextBlock>
    <rr:ShareholderFeesCaption contextRef="AsOf2019-03-08_custom_S000061584Member">&lt;p style="text-align: left; text-indent: 0px; margin-right: 0; margin-left: 0; font: 8pt Times New Roman, Times, Serif"&gt;&lt;font style="font: 8pt Times New Roman, Times, Serif"&gt;&lt;b&gt;Shareholder&#13;Fees (fees paid directly from your investment):&lt;/b&gt;&lt;/font&gt;&lt;/p&gt;&#13;&#13;&lt;p style="text-align: left; text-indent: 0px; margin-right: 0; margin-left: 0; font: 8pt Times New Roman, Times, Serif"&gt;&lt;font style="font: 8pt Times New Roman, Times, Serif"&gt;No&#13;shareholder fees are levied by the Fund for purchases and sales made on the Secondary Market.&lt;/font&gt;&lt;/p&gt;</rr:ShareholderFeesCaption>
    <rr:OperatingExpensesCaption contextRef="AsOf2019-03-08_custom_S000061584Member">&lt;p style="font: 8pt Times New Roman, Times, Serif"&gt;&lt;font style="font: 8pt Times New Roman, Times, Serif"&gt;Annual&#13;Fund Operating Expenses (expenses that you pay each year as a percentage of the value of your investment):&lt;/font&gt;&lt;/p&gt;</rr:OperatingExpensesCaption>
    <rr:ExpenseExampleHeading contextRef="AsOf2019-03-08_custom_S000061584Member">&lt;p style="font: 8pt Times New Roman, Times, Serif"&gt;&lt;font style="font: 8pt Times New Roman, Times, Serif"&gt;&lt;b&gt;Example.&lt;/b&gt;&amp;#160;&lt;/font&gt;&lt;/p&gt;</rr:ExpenseExampleHeading>
    <rr:ExpenseExampleNarrativeTextBlock contextRef="AsOf2019-03-08_custom_S000061584Member">&lt;p style="text-align: left; text-indent: 0px; margin-right: 0; margin-left: 0; font: 8pt Times New Roman, Times, Serif"&gt;&lt;font style="font: 8pt Times New Roman, Times, Serif"&gt;This&#13;example is intended to help you compare the cost of investing in the Fund with the cost of investing in other funds. This example&#13;does not take into account brokerage commissions that you pay when purchasing or selling Shares of the Fund.&amp;#160;&lt;/font&gt;&lt;/p&gt;&#13;&#13;&lt;p style="text-align: justify; text-indent: 0px; margin-right: 0; margin-left: 0; font: 8pt Times New Roman, Times, Serif"&gt;&lt;font style="font: 8pt Times New Roman, Times, Serif"&gt;The&#13;example assumes that you invest $10,000 in the Fund for the time periods indicated and then redeem all of your Shares at the end&#13;of those periods. The example also assumes that your investment has a 5% return each year and that the Fund&amp;#8217;s operating&#13;expenses remain at current levels. The return of 5% and estimated expenses are for illustration purposes only and should not be&#13;considered indicators of expected Fund expenses or performance, which may be greater or less than the estimates. Although your&#13;actual costs may be higher or lower, based on these assumptions your costs would be:&lt;/font&gt;&lt;/p&gt;</rr:ExpenseExampleNarrativeTextBlock>
    <rr:PortfolioTurnoverHeading contextRef="AsOf2019-03-08_custom_S000061584Member">&lt;p style="font: 8pt Times New Roman, Times, Serif"&gt;&lt;font style="font: 8pt Times New Roman, Times, Serif"&gt;&lt;b&gt;Portfolio&#13;Turnover&lt;/b&gt;&lt;/font&gt;&lt;/p&gt;</rr:PortfolioTurnoverHeading>
    <rr:PortfolioTurnoverTextBlock contextRef="AsOf2019-03-08_custom_S000061584Member">&lt;p style="font: 8pt Times New Roman, Times, Serif"&gt;&lt;font style="font: 8pt Times New Roman, Times, Serif"&gt;The&#13;Fund pays transaction costs, such as commissions, when it buys and sells securities (or &amp;#8220;turns over&amp;#8221; its portfolio).&#13;A higher portfolio turnover rate may indicate higher transaction costs and may result in higher taxes when Shares are held in&#13;a taxable account. These costs, which are not reflected in annual fund operating expenses or in the Example, affect the Fund&amp;#8217;s&#13;performance. The Fund will rebalance quarterly and hence annual turnover is expected to be less than 20% due to index rules regarding&#13;corporate actions and bankruptcy. As of the date of this Prospectus, the Fund had not yet commenced operations.&lt;/font&gt;&lt;/p&gt;</rr:PortfolioTurnoverTextBlock>
    <rr:StrategyHeading contextRef="AsOf2019-03-08_custom_S000061584Member">&lt;p style="font: 8pt Times New Roman, Times, Serif"&gt;&lt;font style="font: 8pt Times New Roman, Times, Serif"&gt;&lt;b&gt;Principal&#13;Investment Strategy&lt;/b&gt;&lt;/font&gt;&lt;/p&gt;</rr:StrategyHeading>
    <rr:StrategyNarrativeTextBlock contextRef="AsOf2019-03-08_custom_S000061584Member">&lt;p style="text-align: justify; text-indent: 0px; margin-right: 0; margin-left: 0; font: 8pt Times New Roman, Times, Serif"&gt;&lt;/p&gt;&#13;&#13;&lt;p style="text-align: left; text-indent: 0px; margin-right: 0; margin-left: 0; font: 8pt Times New Roman, Times, Serif"&gt;&lt;font style="font: 8pt Times New Roman, Times, Serif"&gt;&lt;b&gt;Principal&amp;#160;Investment&#13;Objective&amp;#160;&amp;#160;&lt;/b&gt;&lt;/font&gt;&lt;/p&gt;&#13;&#13;&lt;p style="text-align: justify; text-indent: 0px; margin-right: 0; margin-left: 0; font: 8pt Times New Roman, Times, Serif"&gt;&lt;font style="font: 8pt Times New Roman, Times, Serif"&gt;The&#13;Fund invests, under normal circumstances, at least 80% of its net assets in companies of the Underlying Index that receive at&#13;least 50% of their revenues or profits from space-related businesses, as described below. This policy is &amp;#8220;non-fundamental,&amp;#8221;&#13;which means that it may be changed without the majority of the Fund&amp;#8217;s outstanding shares as defined in the 1940 Act. The&#13;Fund will provide at least 60 days&amp;#8217; prior written notice of any changes in such non-fundamental policy.&amp;#160;&lt;/font&gt;&lt;/p&gt;&#13;&#13;&lt;p style="text-align: left; text-indent: 0px; margin-right: 0; margin-left: 0; font: 8pt Times New Roman, Times, Serif"&gt;&lt;font style="font: 8pt Times New Roman, Times, Serif"&gt;&lt;b&gt;Principal&#13;Investment Strategy&amp;#160;&lt;/b&gt;&lt;/font&gt;&lt;/p&gt;&#13;&#13;&lt;p style="text-align: justify; text-indent: 0px; margin-right: 0; margin-left: 0; font: 8pt Times New Roman, Times, Serif"&gt;&lt;font style="font: 8pt Times New Roman, Times, Serif"&gt;The&#13;Fund, using a &amp;#8220;passive&amp;#8221; or &amp;#8220;indexing&amp;#8221; investment approach, seeks investment results that correlate to&#13;the performance, before the Fund&amp;#8217;s fees and expenses, of the Underlying Index which tracks a portfolio of companies engaged&#13;in space-related businesses, including those companies utilizing satellite technology. The Fund will provide shareholders with&#13;at least 60 days&amp;#8217; written notice prior to any material change in this Fund&amp;#8217;s investment strategy.&amp;#160;&lt;/font&gt;&lt;/p&gt;&#13;&#13;&lt;p style="text-align: justify; text-indent: 0px; margin-right: 0; margin-left: 0; font: 8pt Times New Roman, Times, Serif"&gt;&lt;font style="font: 8pt Times New Roman, Times, Serif"&gt;The&#13;Board of Trustees (the &amp;#8220;Board&amp;#8221;) of the Trust may change the Fund&amp;#8217;s investment strategy, index provider or other&#13;policies without shareholder approval. Also, in certain circumstances, it may not be possible or practicable to purchase all of&#13;the component securities that make up the Underlying Index. In those circumstances, the Fund may purchase a sample of the component&#13;securities in the Underlying Index in proportions expected by the Advisor to deliver the performance of the Underlying Index.&#13;There may also be instances when the Advisor may choose to overweight another component security in the Underlying Index or purchase&#13;(or sell) securities not in the Underlying Index, which the Advisor believes are an appropriate substitute for one or more Underlying&#13;Index components in seeking to accurately track the Underlying Index, such as: (i) regulatory requirements possibly affecting&#13;the Fund&amp;#8217;s ability to hold a security in the Underlying Index, or (ii) liquidity concerns possibly affecting the Fund&amp;#8217;s&#13;ability to purchase or sell a security in the Underlying Index. In addition, from time to time, securities are added to or removed&#13;from the Underlying Index. The Fund may sell securities that are represented in the Underlying Index or purchase securities that&#13;are not yet represented in the Underlying Index in anticipation of their removal from or addition to the Underlying Index pursuant&#13;to scheduled reconstitutions and rebalancing of the Underlying Index. The Fund will concentrate its investments (i.e., invest&#13;25% or more of its assets) in securities issued by companies whose principal business activities are in the same industry or group&#13;of industries to the extent the Underlying Index is so concentrated. As of December 31, 2018, the Index was concentrated in the&#13;securities of companies that utilize satellite technology, which represent a significant portion of the Fund.&lt;/font&gt;&lt;/p&gt;&#13;&#13;&lt;p style="text-align: left; text-indent: 0px; margin-right: 0; margin-left: 0; font: 8pt Times New Roman, Times, Serif"&gt;&lt;font style="font: 8pt Times New Roman, Times, Serif"&gt;&lt;b&gt;The&#13;Underlying Index&lt;/b&gt;&lt;/font&gt;&lt;/p&gt;&#13;&#13;&lt;p style="font: 8pt Times New Roman, Times, Serif"&gt;&lt;font style="font: 8pt Times New Roman, Times, Serif"&gt;The&#13;Fund has licensed as its Underlying Index the S-Network Space Index, an equity securities index created and developed by S-Network&#13;Global Indexes, Inc. (the &amp;#8220;Index Provider&amp;#8221;), a developer and publisher of custom and proprietary indexes. The Index&#13;Provider is independent of, and not affiliated with, either the Fund or the Advisor. The Underlying Index is designed to serve&#13;as an equity benchmark for a globally traded portfolio of companies that are engaged in space-related business, such as those&#13;utilizing satellite technology. The component companies of the Underlying Index are small-capitalization, medium-capitalization,&#13;and large-capitalization equity securities listed on recognized global stock exchanges. The Underlying Index is focused on U.S.&#13;companies, which account for approximately 60% of the index components. In addition, the Underlying Index is considered concentrated&#13;in the securities of companies that utilize satellite technology, which currently account for approximately 69% of the index weight.&#13;The Underlying Index is a modified capitalization-weighted, free float- and space revenue percentage-adjusted equity index that&#13;is created and maintained according to a rules-based methodology and a predetermined selection process.&amp;#160;&lt;/font&gt;&lt;/p&gt;&#13;&#13;&lt;p style="text-align: justify; text-indent: 0px; margin-right: 0; margin-left: 0; font: 8pt Times New Roman, Times, Serif"&gt;&lt;font style="font: 8pt Times New Roman, Times, Serif"&gt;Although&#13;there is no legal definition of &amp;#8220;space,&amp;#8221; a commonly accepted definition is that the edge of space begins at the K&amp;#225;rm&amp;#225;n&#13;line, which is 100 kilometers (62 miles) above the Earth&amp;#8217;s surface. This is approximately the point where there is not enough&#13;air to provide lift to a winged vehicle. This definition is supported by the F&amp;#233;d&amp;#233;ration A&amp;#233;ronautique Internationale&#13;(an international aeronautics and astronautics standards-setting body), as well as many other organizations.&amp;#160;&lt;/font&gt;&lt;/p&gt;&#13;&#13;&lt;p style="text-align: justify; text-indent: 0px; margin-right: 0; margin-left: 0; font: 8pt Times New Roman, Times, Serif"&gt;&lt;font style="font: 8pt Times New Roman, Times, Serif"&gt;The&#13;Index Provider considers a company to be in a &amp;#8220;space-related business&amp;#8221; if its product(s) or service(s) either have&#13;as their essential purpose &amp;#8212; or are entirely dependent upon &amp;#8212; &amp;#8220;space-based functions&amp;#8221;. Space-based functions&#13;include any kind of function carried out by hardware, software, or humans physically located in space. The revenue produced by&#13;space-related business is referred to as &amp;#8220;space-related revenues.&amp;#8221;&amp;#160;&lt;/font&gt;&lt;/p&gt;&#13;&#13;&lt;p style="text-align: justify; text-indent: 0px; margin-right: 0; margin-left: 0; font: 8pt Times New Roman, Times, Serif"&gt;&lt;font style="font: 8pt Times New Roman, Times, Serif"&gt;Examples&#13;of current space-related businesses (or &amp;#8220;Space Industry Segments&amp;#8221;) include satellite-based telecommunications; transmission&#13;of television and radio content via satellite; rocket and satellite manufacturing, deployment, operation, and maintenance; manufacturing&#13;of ground equipment that is used with satellite systems; space technology and hardware; and space-based imagery and intelligence&#13;services.&amp;#160;&lt;/font&gt;&lt;/p&gt;&#13;&#13;&lt;p style="text-align: justify; text-indent: 0px; margin-right: 0; margin-left: 0; font: 8pt Times New Roman, Times, Serif"&gt;&lt;font style="font: 8pt Times New Roman, Times, Serif"&gt;In&#13;the case of companies that make products that go into space (such as launch vehicles), or companies that operate or maintain systems&#13;used in space (such as satellites), the space-related nature of the business is clear. In the case of companies whose products&#13;and services are used wholly on Earth, space must play an essential role in the business. For example, a company that manufactures&#13;GPS navigation systems as its primary business is wholly dependent upon those products&amp;#8217; GPS satellite connectivity and therefore&#13;is engaged in a space-related business. By contrast, an automaker that incorporates a GPS navigation system into its automobiles&#13;is not considered to be engaged in a space-related business because the GPS system is not essential to the operation of the automobile&#13;and accounts for a negligible part of the selling price.&amp;#160;&lt;/font&gt;&lt;/p&gt;&#13;&#13;&lt;p style="text-align: justify; text-indent: 0px; margin-right: 0; margin-left: 0; font: 8pt Times New Roman, Times, Serif"&gt;&lt;font style="font: 8pt Times New Roman, Times, Serif"&gt;In&#13;addition to companies exclusively focused on space, the Underlying Index includes certain companies whose products and services&#13;span both space-related and other types of businesses. An example of such a company would be a defense contractor that manufactures&#13;systems and hardware involving space but does not derive a sufficient percentage of its revenues from space to qualify as a non-diversified&#13;space company. Another example would be a company that transmits television or radio content both via satellite and via terrestrial&#13;wired or wireless services; its space-related revenue is considered to be only that which is derived from customers who subscribe&#13;to content delivery via satellite.&amp;#160;&lt;/font&gt;&lt;/p&gt;&#13;&#13;&lt;p style="text-align: justify; text-indent: 0px; margin-right: 0; margin-left: 0; font: 8pt Times New Roman, Times, Serif"&gt;&lt;font style="font: 8pt Times New Roman, Times, Serif"&gt;The&#13;Index Provider believes that in the future, additional companies engaged in other space-related businesses will emerge. These&#13;businesses would include space colonization/infrastructure; space resource exploration/extraction; space-based military/defense&#13;systems; space tourism, including transportation and hospitality; and space technologies that enable the space economy.&amp;#160;&lt;/font&gt;&lt;/p&gt;&#13;&#13;&lt;p style="text-align: left; text-indent: 0px; margin-right: 0; margin-left: 0; font: 8pt Times New Roman, Times, Serif"&gt;&lt;font style="font: 8pt Times New Roman, Times, Serif"&gt;&lt;b&gt;The&#13;Underlying Index Security Selection and Weighting Process&lt;/b&gt;&lt;/font&gt;&lt;/p&gt;&#13;&#13;&lt;p style="text-align: justify; text-indent: 0px; margin-right: 0; margin-left: 0; font: 8pt Times New Roman, Times, Serif"&gt;&lt;font style="font: 8pt Times New Roman, Times, Serif"&gt;Each&#13;candidate for inclusion as a component of the Underlying Index must first meet all of the following eligibility criteria: (a)&#13;listing on a national stock exchange in any geographic region, (b) being engaged in one or more of the Space Industry Segments,&#13;and (c) having a three-month average daily trading volume of at least USD 1,000,000 on each Underlying Index semi-annual reconstitution&#13;snapshot date, which is the last trading day of the month prior to a reconstitution date. If a company&amp;#8217;s stock has been&#13;trading for less than three calendar months, but more than 22 trading days, the company&amp;#8217;s average daily trading volume for&#13;its entire trading history shall be used to calculate turnover eligibility.&amp;#160;&lt;/font&gt;&lt;/p&gt;&#13;&#13;&lt;p style="text-align: justify; text-indent: 0px; margin-right: 0; margin-left: 0; font: 8pt Times New Roman, Times, Serif"&gt;&lt;font style="font: 8pt Times New Roman, Times, Serif"&gt;The&#13;Index Provider&amp;#8217;s assessment of whether a company is engaged in one or more of the Space Industry Segments (per the criteria&#13;listed above) is based on mention of space-related business in the company&amp;#8217;s annual filings. In addition, a company&amp;#8217;s&#13;space-related revenue must constitute either (a) a minimum of 20% of the company's total annual revenue, or (b) more than $500&#13;million in annual revenue. In all cases, space-related revenues are determined through review by the Index Provider of the company's&#13;regulatory filings and investor-focused materials, including quarterly earnings announcements and analyst presentations, as well&#13;as other reliable data sources. Space revenues are then divided by the company's total revenues to determine its percentage of&#13;space-related revenues. Accordingly, the Underlying Index methodology considers the factual reporting of revenue statistics rather&#13;than more subjective factors to determine eligibility.&amp;#160;&lt;/font&gt;&lt;/p&gt;&#13;&#13;&lt;p style="text-align: justify; text-indent: 0px; margin-right: 0; margin-left: 0; font: 8pt Times New Roman, Times, Serif"&gt;&lt;font style="font: 8pt Times New Roman, Times, Serif"&gt;The&#13;screening process discussed above identifies candidate stocks according to their Global Industry Classification Standard (&amp;#8220;GICS&amp;#8221;)&#13;sub-industry, and then reviews them to ensure that such companies meet at least one of the following additional criteria for inclusion&#13;as a component of the Underlying Index:&lt;/font&gt;&lt;/p&gt;&#13;&#13;&lt;p style="text-align: left; font: 8pt Times New Roman, Times, Serif"&gt;&lt;font style="font: 8pt Times New Roman, Times, Serif"&gt;&amp;#9679;&#13;the company was a &amp;#8220;prime manufacturer&amp;#8221; (i.e., the contractor responsible for managing subcontractors and delivering&#13;the product to the customer) for a satellite in the past five years;&amp;#160;&lt;/font&gt;&lt;/p&gt;&#13;&#13;&lt;p style="text-align: left; font: 8pt Times New Roman, Times, Serif"&gt;&lt;font style="font: 8pt Times New Roman, Times, Serif"&gt;&amp;#9679;&#13;the company was a &amp;#8220;prime manufacturer&amp;#8221; or operator of a launch vehicle in the past five years;&amp;#160;&lt;/font&gt;&lt;/p&gt;&#13;&#13;&lt;p style="text-align: left; font: 8pt Times New Roman, Times, Serif"&gt;&lt;font style="font: 8pt Times New Roman, Times, Serif"&gt;&amp;#9679;&#13;the company currently operates or utilizes satellites;&lt;/font&gt;&lt;/p&gt;&#13;&#13;&lt;p style="text-align: left; font: 8pt Times New Roman, Times, Serif"&gt;&lt;font style="font: 8pt Times New Roman, Times, Serif"&gt;&amp;#9679;&#13;the company manufactures space vehicle components (for satellites, launch vehicles, or other spacecraft); or&amp;#160;&lt;/font&gt;&lt;/p&gt;&#13;&#13;&lt;p style="text-align: left; font: 8pt Times New Roman, Times, Serif"&gt;&lt;font style="font: 8pt Times New Roman, Times, Serif"&gt;&amp;#9679;&#13;the company manufactures ground equipment dependent upon satellite systems.&lt;/font&gt;&lt;/p&gt;&#13;&#13;&lt;p style="text-align: justify; text-indent: 0px; margin-right: 0; margin-left: 0; font: 8pt Times New Roman, Times, Serif"&gt;&lt;font style="font: 8pt Times New Roman, Times, Serif"&gt;The&#13;companies thus chosen for inclusion in the Underlying Index are separated into two tranches:&lt;/font&gt;&lt;/p&gt;&#13;&#13;&lt;p style="text-align: justify; text-indent: 48px; margin-right: 0; margin-left: 0; font: 8pt Times New Roman, Times, Serif"&gt;&lt;font style="font: 8pt Times New Roman, Times, Serif"&gt;The&#13;first tranche (&amp;#8220;Non-diversified Tranche") comprises &amp;#8220;non-diversified&amp;#8221; companies that derive at least 50% (but&#13;typically 100%) of their total annual revenues from space-related business. Companies included in the Non-diversified Tranche&#13;are accorded an aggregate weight of 80% of the total index weight (100%).&amp;#160;&lt;/font&gt;&lt;/p&gt;&#13;&#13;&lt;p style="text-align: justify; text-indent: 48px; margin-right: 0; margin-left: 0; font: 8pt Times New Roman, Times, Serif"&gt;&lt;font style="font: 8pt Times New Roman, Times, Serif"&gt;The&#13;second tranche ("Diversified Tranche") comprises companies in which space-related business plays a significant role in the generation&#13;of revenues but produces less than 50% of total annual revenues. Companies included in the Diversified Tranche are accorded an&#13;aggregate weight of 20% of the total index weight (100%).&amp;#160;&lt;/font&gt;&lt;/p&gt;&#13;&#13;&lt;p style="text-align: justify; text-indent: 0px; margin-right: 0; margin-left: 0; font: 8pt Times New Roman, Times, Serif"&gt;&lt;font style="font: 8pt Times New Roman, Times, Serif"&gt;Each&#13;stock&amp;#8217;s weight within its respective tranche is determined by its "Modified Market Capitalization," which is a company's&#13;full market capitalization that has been mathematically modified by one or more factors for the purpose of weighting in an index.&#13;Modified Market Capitalization for companies eligible for inclusion in the Underlying Index is determined by multiplying a) the&#13;company's full market capitalization by b) the company's "Float Factor" by c) the percentage of total revenues the company derives&#13;from space. A company's Modified Market Capitalization is a percentage of a company's total market capitalization ranging from&#13;0% to 100%.&amp;#160;&lt;/font&gt;&lt;/p&gt;&#13;&#13;&lt;p style="text-align: justify; text-indent: 0px; margin-right: 0; margin-left: 0; font: 8pt Times New Roman, Times, Serif"&gt;&lt;font style="font: 8pt Times New Roman, Times, Serif"&gt;The&#13;Float Factor is the percentage of the company's shares outstanding that are unencumbered from trading freely on the open market.&#13;It is determined by deducting shares that are a) restricted from sale to the public, b) held by a governmental entity, c) held&#13;by company insiders in size that requires reporting to the SEC or a similar international regulatory body (&amp;#62;5%) and/or d)&#13;held by investors in size subject to reporting to the SEC or a similar international regulatory body (&amp;#62;5%) from the company's&#13;total shares outstanding. The resulting percentage is the company's Float Factor.&amp;#160;&lt;/font&gt;&lt;/p&gt;&#13;&#13;&lt;p style="text-align: justify; text-indent: 0px; margin-right: 0; margin-left: 0; font: 8pt Times New Roman, Times, Serif"&gt;&lt;font style="font: 8pt Times New Roman, Times, Serif"&gt;Next,&#13;the Non-diversified Tranche of the Underlying Index is given 80% of the weight of the Underlying Index and the Diversified Tranche&#13;is given 20% of the weight. The within-tranche weights for the Non-diversified Tranche are capped at 6%, with the excess weight&#13;redistributed proportionally to the remaining constituents within the same tranche. The within-tranche company weights for the&#13;Diversified Tranche are capped at 12%, with the excess weight redistributed proportionally to the remaining constituents within&#13;the same tranche. The final index weight of each component stock will then be the product of its within-tranche weight and the&#13;overall weight assigned to that stock&amp;#8217;s tranche (the tranche weight). Accordingly, the maximum weight of any constituent&#13;in the Non-diversified Tranche will be 4.8% (6% X 80%) and the maximum weight of any constituent in the Diversified Tranche will&#13;be 2.4% (12% X 20%).&amp;#160;&lt;/font&gt;&lt;/p&gt;&#13;&#13;&lt;p style="text-align: justify; text-indent: 0px; margin-right: 0; margin-left: 0; font: 8pt Times New Roman, Times, Serif"&gt;&lt;font style="font: 8pt Times New Roman, Times, Serif"&gt;Capping&#13;is applied separately to each of the tranches. The following steps are taken to weight the constituents in the Underlying Index:.&amp;#160;&lt;/font&gt;&lt;/p&gt;&#13;&#13;&lt;p style="text-align: justify; text-indent: 48px; margin-right: 0; margin-left: 0; font: 8pt Times New Roman, Times, Serif"&gt;&lt;font style="font: 8pt Times New Roman, Times, Serif"&gt;Step&#13;1. Multiply each selected company&amp;#8217;s full market capitalization by its Float Factor.&lt;/font&gt;&lt;/p&gt;&#13;&#13;&lt;p style="text-align: justify; text-indent: 48px; margin-right: 0; margin-left: 0; font: 8pt Times New Roman, Times, Serif"&gt;&lt;font style="font: 8pt Times New Roman, Times, Serif"&gt;Step&#13;2. Multiply each selected company's float market capitalization derived in Step 1 by its space-related revenue percentage.&lt;/font&gt;&lt;/p&gt;&#13;&#13;&lt;p style="text-align: justify; text-indent: 48px; margin-right: 0; margin-left: 0; font: 8pt Times New Roman, Times, Serif"&gt;&lt;font style="font: 8pt Times New Roman, Times, Serif"&gt;Step&#13;3. The combination of Steps 1 &amp;#38; 2 above results in the company's Modified Market Capitalization, which is used to weight the&#13;companies included in the Non-diversified and Diversified tranches. Each tranche is weighted separately.&lt;/font&gt;&lt;/p&gt;&#13;&#13;&lt;p style="text-align: justify; text-indent: 48px; margin-right: 0; margin-left: 0; font: 8pt Times New Roman, Times, Serif"&gt;&lt;font style="font: 8pt Times New Roman, Times, Serif"&gt;Step&#13;4. Capping procedures are then applied to each tranche separately. The capping procedure is implemented by identifying those companies&#13;whose uncapped weights are in excess of the desired cap weight. The weights of these companies are then set at the cap weight,&#13;and the weight over the cap weight is then redistributed across the remaining stocks in the exact proportion of the original weights&#13;of those stocks. Capping is applied separately to each of the tranches.&lt;/font&gt;&lt;/p&gt;&#13;&#13;&lt;p style="text-align: justify; text-indent: 48px; margin-right: 0; margin-left: 0; font: 8pt Times New Roman, Times, Serif"&gt;&lt;font style="font: 8pt Times New Roman, Times, Serif"&gt;Step&#13;5. The weights derived in Step 4 are modified by the respective tranche weights (80% for the non-diversified tranche and 20% for&#13;the diversified tranche) to determine each stock's final index weight.&lt;/font&gt;&lt;/p&gt;&#13;&#13;&lt;p style="text-align: justify; text-indent: 0px; margin-right: 0; margin-left: 0; font: 8pt Times New Roman, Times, Serif"&gt;&lt;font style="font: 8pt Times New Roman, Times, Serif"&gt;Although&#13;there is no stated maximum or minimum number of Underlying Index components required for inclusion in the Underlying Index, the&#13;Index Provider intends to conform to RIC diversification requirements as defined in Sub-Chapter M of the IRS code and, therefore,&#13;will maintain at least 22 component securities in the Underlying Index, nor will any stock have a weight greater than 25% of the&#13;total Underlying Index, and the combined weight of all stocks with weights greater than 5% will be less than 50%.&amp;#160;&lt;/font&gt;&lt;/p&gt;&#13;&#13;&lt;p style="text-align: justify; text-indent: 0px; margin-right: 0; margin-left: 0; font: 8pt Times New Roman, Times, Serif"&gt;&lt;font style="font: 8pt Times New Roman, Times, Serif"&gt;The&#13;Underlying Index is reconstituted semi-annually by the Index Committee of the Index Provider in accordance with a rules-based&#13;process. Companies that are components of the Underlying Index will be screened periodically, and any company that no longer meets&#13;the eligibility criteria described above will be removed from the Underlying Index. Also, a candidate list of all identifiable&#13;companies engaged in the Space Industry Segments will be screened and companies will be added to the Underlying Index if they&#13;satisfy the screening criteria. Finally, the Underlying Index is rebalanced each quarter to reflect changes of more than 5% in&#13;the number of float-adjusted shares.&amp;#160;&lt;/font&gt;&lt;/p&gt;&#13;&#13;&lt;p style="text-align: justify; text-indent: 0px; margin-right: 0; margin-left: 0; font: 8pt Times New Roman, Times, Serif"&gt;&lt;font style="font: 8pt Times New Roman, Times, Serif"&gt;As&#13;of September 30, 2018, the Underlying Index contained 28 constituents with market capitalizations ranging from $247.41 million&#13;to $243.86 billion. The inception date of the Underlying Index (when live calculation of the index values began) was May 7, 2018.&amp;#160;&lt;/font&gt;&lt;/p&gt;&#13;&#13;&lt;p style="text-align: justify; text-indent: 0px; margin-right: 0; margin-left: 0; font: 8pt Times New Roman, Times, Serif"&gt;&lt;font style="font: 8pt Times New Roman, Times, Serif"&gt;&lt;/font&gt;In&#13;the future ProcureAM, LLC intends to seek exemptive relief to permit the Fund to replace any manager without shareholder approval,&#13;and the Board reserves the right to replace any manager with another manager without the approval of shareholders if the Board&#13;believes it is in the best interest of shareholders.&lt;/p&gt;</rr:StrategyNarrativeTextBlock>
    <rr:RiskHeading contextRef="AsOf2019-03-08_custom_S000061584Member">&lt;p style="font: 8pt Times New Roman, Times, Serif"&gt;&lt;font style="font: 8pt Times New Roman, Times, Serif"&gt;&lt;b&gt;Principal&#13;Risks&lt;/b&gt;&lt;/font&gt;&lt;/p&gt;</rr:RiskHeading>
    <rr:RiskNarrativeTextBlock contextRef="AsOf2019-03-08_custom_S000061584Member">&lt;p style="text-align: justify; text-indent: 0px; margin-right: 0; margin-left: 0; font: 8pt Times New Roman, Times, Serif; color: rgb(0, 0, 0)"&gt;&lt;font style="font: 8pt Times New Roman, Times, Serif"&gt;Investors&#13;should consider the principal risks associated with investing in the Fund, which are summarized below. The value of an investment&#13;in the Fund will fluctuate and you could lose money by investing in the Fund. The Fund may not achieve its investment objective.&lt;/font&gt;&lt;/p&gt;&#13;&#13;&lt;p style="text-align: justify; text-indent: 0px; margin-right: 0; margin-left: 0; font: 8pt Times New Roman, Times, Serif"&gt;&lt;font style="font: 8pt Times New Roman, Times, Serif"&gt;&lt;/font&gt;&lt;/p&gt;&#13;&#13;&lt;p style="text-align: justify; text-indent: 0px; margin-right: 0; margin-left: 0; font: 8pt Times New Roman, Times, Serif"&gt;&lt;font style="font: 8pt Times New Roman, Times, Serif; color: rgb(0, 0, 0)"&gt;&lt;i&gt;Aerospace&#13;&lt;/i&gt;&lt;/font&gt;&lt;i&gt;&lt;font style="font: 8pt Times New Roman, Times, Serif"&gt;and Defense Companies Risk -&lt;/font&gt;&lt;/i&gt;&lt;font style="font: 8pt Times New Roman, Times, Serif"&gt;&#13;Aerospace and defense companies can be significantly affected by government aerospace and defense regulation and spending policies&#13;because companies involved in this industry rely to a significant extent on U.S. (and other) government demand for their products&#13;and services. Thus, the financial condition of, and investor interest in, aerospace and defense companies are heavily influenced&#13;by governmental defense spending policies which are typically under pressure from efforts to control the U.S. (and other) government&#13;budgets.&lt;/font&gt;&lt;/p&gt;&#13;&#13;&lt;p style="text-align: justify; text-indent: 0px; margin-right: 0; margin-left: 0; font: 8pt Times New Roman, Times, Serif; color: rgb(0, 0, 0)"&gt;&lt;font style="font: 8pt Times New Roman, Times, Serif"&gt;&lt;i&gt;Equity&#13;Securities Risk&lt;/i&gt;&amp;#8212;The prices of equity securities generally fluctuate in value more than fixed-income investments, may&#13;rise or fall rapidly or unpredictably and may reflect real or perceived changes in the issuing company&amp;#8217;s financial condition&#13;and changes in the overall market or economy. A decline in the value of equity securities held by the Fund will adversely affect&#13;the value of your investment in the Fund. Common stocks generally represent the riskiest investment in a company and dividend&#13;payments (if declared) to preferred stockholders generally rank junior to payments due to a company&amp;#8217;s debtholders. The Fund&#13;may lose a substantial part, or even all, of its investment in a company&amp;#8217;s stock.&amp;#160;&lt;/font&gt;&lt;/p&gt;&#13;&#13;&lt;p style="text-align: justify; text-indent: 0px; margin-right: 0; margin-left: 0; font: 8pt Times New Roman, Times, Serif; color: rgb(0, 0, 0)"&gt;&lt;font style="font: 8pt Times New Roman, Times, Serif"&gt;&lt;i&gt;Foreign&#13;Securities Risk&lt;/i&gt;&amp;#8212;The Underlying Index contains equities listed in foreign markets. These securities markets are subject&#13;to various regulations, market trading times and contractual settlement dates. Market liquidity may also differ from the U.S.&#13;equity markets as many foreign market shares trade OTC and prices are not published to the official exchanges until after the&#13;trades are completed. In addition, where all or a portion of the Fund&amp;#8217;s underlying securities trade in a market that is&#13;closed when the market in which the Fund&amp;#8217;s shares are listed and trading in that market is open, there may be changes between&#13;the last quote from its closed foreign market and the value of such security during the Fund&amp;#8217;s domestic trading day. Consequently,&#13;this could lead to differences between the market price of the Fund&amp;#8217;s shares and the value of the shares of its underlying&#13;portfolio holdings.&lt;/font&gt;&lt;/p&gt;&#13;&#13;&lt;p style="text-align: justify; text-indent: 0px; margin-right: 0; margin-left: 0; font: 8pt Times New Roman, Times, Serif; color: rgb(0, 0, 0)"&gt;&lt;font style="font: 8pt Times New Roman, Times, Serif"&gt;&lt;i&gt;Index&#13;Construction Risk&lt;/i&gt;&amp;#8212;A stock included in the Underlying Index may not exhibit the factor trait or provide specific factor&#13;exposure for which it was selected and consequently the Fund&amp;#8217;s holdings may not exhibit returns consistent with that factor&#13;trait.&lt;/font&gt;&lt;/p&gt;&#13;&#13;&lt;p style="text-align: justify; text-indent: 0px; margin-right: 0; margin-left: 0; font: 8pt Times New Roman, Times, Serif; color: rgb(0, 0, 0)"&gt;&lt;font style="font: 8pt Times New Roman, Times, Serif"&gt;&lt;i&gt;Issuer-Specific&#13;Changes Risk&lt;/i&gt;&amp;#8212;The value of an individual security or type of security can be more volatile than the total market and&#13;can perform differently from the value of the total market. The value of securities of smaller issuers can be more volatile than&#13;that of larger issuers.&lt;/font&gt;&lt;/p&gt;&#13;&#13;&lt;p style="text-align: justify; text-indent: 0px; margin-right: 0; margin-left: 0; font: 8pt Times New Roman, Times, Serif; color: rgb(0, 0, 0)"&gt;&lt;font style="font: 8pt Times New Roman, Times, Serif"&gt;&lt;i&gt;Large-Capitalization&#13;Securities Risk&lt;/i&gt;&amp;#8212;The Fund is subject to the risk that large-capitalization securities may underperform other segments&#13;of the equity market or the total equity market. Larger, more established companies may be unable to respond quickly to new competitive&#13;challenges such as changes in technology and may not be able to attain the high growth rate of smaller companies, especially during&#13;extended periods of economic expansion.&amp;#160;&lt;/font&gt;&lt;/p&gt;&#13;&#13;&lt;p style="text-align: justify; text-indent: 0px; margin-right: 0; margin-left: 0; font: 8pt Times New Roman, Times, Serif"&gt;&lt;font style="font: 8pt Times New Roman, Times, Serif"&gt;&lt;i&gt;Liquidity&#13;Risk&lt;/i&gt;&lt;font style="color: rgb(0, 0, 0)"&gt;&amp;#8212;&lt;/font&gt;The Fund&amp;#8217;s shares are subject to liquidity risk, which means that,&#13;in stressed market conditions, the market for the Fund&amp;#8217;s shares &lt;font style="color: rgb(0, 0, 0)"&gt;may&lt;/font&gt; become less&#13;liquid in response to deteriorating liquidity in the markets for the Fund&amp;#8217;s underlying portfolio holdings. Please also note&#13;that this adverse effect on liquidity for the Fund&amp;#8217;s shares in turn could lead to differences between the market price of&#13;the Fund&amp;#8217;s shares and the underlying value of those shares. Further, the Underlying Index&amp;#8217;s screening process requires&#13;that each component security have a three month average trading volume minimum of $1,000,000 on the date of the Underlying Index&amp;#8217;s&#13;semi-annual reconstitution date, therefore the number of stocks available to the Underlying Index may be negatively affected during&#13;stressed market conditions.&lt;/font&gt;&lt;/p&gt;&#13;&#13;&lt;p style="text-align: justify; text-indent: 0px; margin-right: 0; margin-left: 0; font: 8pt Times New Roman, Times, Serif"&gt;&lt;font style="font: 8pt Times New Roman, Times, Serif"&gt;&amp;#160;&lt;/font&gt;&lt;br /&gt;&lt;/p&gt;&#13;&#13;&lt;p style="text-align: justify; text-indent: 0px; margin-right: 0; margin-left: 0; font: 8pt Times New Roman, Times, Serif"&gt;&lt;font style="font: 8pt Times New Roman, Times, Serif"&gt;&lt;i&gt;Market&#13;Price Risk&lt;/i&gt;&lt;font style="color: rgb(0, 0, 0)"&gt;&amp;#8212;Shares are listed for trading on the NYSE Arca (the &amp;#8220;Exchange&amp;#8221;&#13;or &amp;#8220;NYSE Arca&amp;#8221;) and are bought and sold in the secondary market at market prices. The market prices of Shares may&#13;fluctuate continuously during trading hours, in some cases materially, in response to changes in the net asset value (&amp;#8220;NAV&amp;#8221;)&#13;and supply and demand for Shares, among other factors. Although it is expected that the market price of Shares typically will&#13;remain closely correlated to the NAV, the market price will generally differ from the NAV because of timing reasons, supply and&#13;demand imbalances and other factors. As a result, the trading prices of Shares may deviate significantly from NAV during certain&#13;periods, especially those of market volatility. The Investment Advisor cannot predict whether Shares will trade above (premium),&#13;below (discount) or at their NAV prices. Thus, an investor may pay more than NAV when buying Shares in the secondary market and&#13;receive less than NAV when selling Shares in the secondary market.&lt;/font&gt;&amp;#160;&lt;/font&gt;&lt;/p&gt;&#13;&#13;&lt;p style="text-align: justify; text-indent: 0px; margin-right: 0; margin-left: 0; font: 8pt Times New Roman, Times, Serif"&gt;&lt;font style="font: 8pt Times New Roman, Times, Serif"&gt;&lt;i&gt;New&#13;Fund Risk&lt;/i&gt;&lt;font style="color: rgb(0, 0, 0)"&gt;&amp;#8212;The Fund is a new fund. As a new Fund, there can be no assurance that it&#13;will grow to or maintain an economically viable size, in which case it may experience greater tracking error to its Underlying&#13;Index than it otherwise would at higher asset levels or it could ultimately liquidate.&lt;/font&gt;&lt;/font&gt;&lt;/p&gt;&#13;&#13;&lt;p style="text-align: justify; text-indent: 0px; margin-right: 0; margin-left: 0; font: 8pt Times New Roman, Times, Serif"&gt;&lt;font style="font: 8pt Times New Roman, Times, Serif"&gt;&lt;i&gt;Non-Correlation&#13;Risk&lt;/i&gt;&lt;font style="color: rgb(0, 0, 0)"&gt;&amp;#8212;The Fund&amp;#8217;s return may not match the return of the Underlying Index. For&#13;example, the Fund incurs operating expenses not applicable to the Underlying Index, and incurs costs in buying and selling securities,&#13;especially when rebalancing the Fund&amp;#8217;s securities holdings to reflect changes in the composition of the Underlying Index.&#13;In addition, the performance of the Fund and the Underlying Index may vary due to asset valuation differences and differences&#13;between the Fund&amp;#8217;s portfolio and the Underlying Index resulting from legal restrictions, cash flows or operational inefficiencies.&lt;/font&gt;&lt;/font&gt;&lt;/p&gt;&#13;&#13;&lt;p style="text-align: justify; text-indent: 0px; margin-right: 0; margin-left: 0; font: 8pt Times New Roman, Times, Serif"&gt;&lt;font style="font: 8pt Times New Roman, Times, Serif"&gt;&lt;i&gt;Passive&#13;Management Risk&lt;/i&gt;&lt;font style="color: rgb(0, 0, 0)"&gt;&amp;#8212;Unlike many investment companies, the Fund is not &amp;#8220;actively&amp;#8221;&#13;managed. Therefore, it would not necessarily sell a security because the security&amp;#8217;s issuer was in financial trouble or defaulted&#13;on its obligations under the security, or whose credit rating was downgraded, unless that security is removed from the Underlying&#13;Index. In addition, the Fund will not otherwise take defensive positions in declining markets unless such positions are reflected&#13;in the Underlying Index.&lt;/font&gt;&lt;/font&gt;&lt;/p&gt;&#13;&#13;&lt;p style="text-align: justify; text-indent: 0px; margin-right: 0; margin-left: 0; font: 8pt Times New Roman, Times, Serif"&gt;&lt;font style="font: 8pt Times New Roman, Times, Serif"&gt;&lt;i&gt;Satellite&#13;Companies Concentration Risk&lt;/i&gt;&lt;font style="color: rgb(0, 0, 0)"&gt;&amp;#8212;The Fund is considered to be concentrated in securities&#13;of c&lt;/font&gt;ompanies that operate or utilize satellites which are subject to manufacturing delays, launch delays or failures, and&#13;operational and environmental risks (such as signal interference or space debris) that could limit their ability to utilize the&#13;satellites needed to deliver services to customers. Some companies that operate or utilize satellites do not carry commercial&#13;launch or in-orbit insurance for the full value of their satellites and could face significant impairment charges if the satellites&#13;experience full or partial failures. Rapid and significant technological changes in the satellite communications industry or in&#13;competing terrestrial industries may impair a company&amp;#8217;s competitive position and require significant additional capital&#13;expenditures. There are also regulatory risks associated with the allocation of orbital positions and spectrum under the International&#13;Telecommunication Union (&amp;#8220;ITU&amp;#8221;) and the regulatory bodies in each of the countries in which companies provide service.&#13;In addition, the ground facilities used for controlling satellites or relaying data between Earth and the satellites may be subject&#13;to operational and environmental risks (such as natural disasters) or licensing and regulatory risks. If a company does not obtain&#13;or maintain regulatory authorizations for its satellites and associated ground facilities, it may not be able to operate its existing&#13;satellites or expand its operations.&amp;#160;&lt;/font&gt;&lt;/p&gt;&#13;&#13;&lt;p style="text-align: justify; text-indent: 0px; margin-right: 0; margin-left: 0; font: 8pt Times New Roman, Times, Serif"&gt;&lt;font style="font: 8pt Times New Roman, Times, Serif"&gt;&lt;i&gt;Small&#13;and Mid-Capitalization Securities Risk&lt;/i&gt;&lt;font style="color: rgb(0, 0, 0)"&gt;&amp;#8212;The Fund may be subject to the risk that small-&#13;and mid-capitalization securities may underperform other segments of the equity market or the equity market as a whole. Securities&#13;of small- and mid-capitalization companies may experience much more price volatility, greater spreads between their bid and ask&#13;prices and significantly lower trading volumes than securities issued by large, more established companies. Accordingly, it may&#13;be difficult for the Fund to sell small- and mid-capitalization securities at a desired time or price. Small- and mid-capitalization&#13;companies tend to have inexperienced management as well as limited product and market diversification and financial resources.&#13;Small- and mid-capitalization companies have more speculative prospects for future growth, sustained earnings and market share&#13;than large companies, and may be more vulnerable to adverse economic, market or industry developments than large capitalization&#13;companies&lt;/font&gt;&lt;/font&gt;&lt;/p&gt;&#13;&#13;&lt;p style="text-align: justify; text-indent: 0px; margin-right: 0; margin-left: 0; font: 8pt Times New Roman, Times, Serif"&gt;&lt;font style="font: 8pt Times New Roman, Times, Serif"&gt;&lt;i&gt;Space&#13;Industry Risk&lt;/i&gt;&lt;font style="color: rgb(0, 0, 0)"&gt;&amp;#8212;The exploration of space by private industry and the utilization of&#13;space assets is a business focused on the future and is witnessing new entrants into the market. This is a global event with a&#13;growing number of corporate participants looking to meet the future needs of a growing global population. Therefore, investments&#13;in the Fund will be riskier than traditional investments in established industry sectors and the growth of these companies may&#13;be slower and subject to setbacks as new technology advancements are made to expand into space.&lt;/font&gt;&lt;/font&gt;&lt;/p&gt;</rr:RiskNarrativeTextBlock>
    <rr:BarChartAndPerformanceTableHeading contextRef="AsOf2019-03-08_custom_S000061584Member">&lt;p style="font: 8pt Times New Roman, Times, Serif"&gt;&lt;font style="font: 8pt Times New Roman, Times, Serif"&gt;&lt;b&gt;Performance&#13;Information&lt;/b&gt;&lt;/font&gt;&lt;/p&gt;</rr:BarChartAndPerformanceTableHeading>
    <rr:PerformanceNarrativeTextBlock contextRef="AsOf2019-03-08_custom_S000061584Member">&lt;p style="font: 8pt Times New Roman, Times, Serif"&gt;&lt;font style="font: 8pt Times New Roman, Times, Serif"&gt;As&#13;of the date of this Prospectus, the Fund has not yet commenced operations and therefore does not report its performance information.&lt;/font&gt;&lt;/p&gt;</rr:PerformanceNarrativeTextBlock>
    <rr:ManagementFeesOverAssets contextRef="AsOf2019-03-08_custom_S000061584Member_custom_C000199461Member" unitRef="Ratio" decimals="INF">0.0075</rr:ManagementFeesOverAssets>
    <rr:DistributionAndService12b1FeesOverAssets contextRef="AsOf2019-03-08_custom_S000061584Member_custom_C000199461Member" unitRef="Ratio" decimals="INF">0.0000</rr:DistributionAndService12b1FeesOverAssets>
    <rr:Component2OtherExpensesOverAssets contextRef="AsOf2019-03-08_custom_S000061584Member_custom_C000199461Member" unitRef="Ratio" decimals="INF">0.0000</rr:Component2OtherExpensesOverAssets>
    <rr:ExpensesOverAssets contextRef="AsOf2019-03-08_custom_S000061584Member_custom_C000199461Member" unitRef="Ratio" decimals="INF">0.0075</rr:ExpensesOverAssets>
    <rr:AnnualFundOperatingExpensesTableTextBlock contextRef="AsOf2019-03-08_custom_S000061584Member">&lt;div style="display: none"&gt;~ http://xbrl.sec.gov/rr/role/OperatingExpensesData column period compact * column dei_LegalEntityAxis compact ck0001727398_S000061584Member column rr_ProspectusShareClassAxis compact * row primary compact * ~&lt;/div&gt;</rr:AnnualFundOperatingExpensesTableTextBlock>
    <rr:ExpenseExampleYear01 contextRef="AsOf2019-03-08_custom_S000061584Member_custom_C000199461Member" unitRef="USD" decimals="0">77</rr:ExpenseExampleYear01>
    <rr:ExpenseExampleYear03 contextRef="AsOf2019-03-08_custom_S000061584Member_custom_C000199461Member" unitRef="USD" decimals="0">240</rr:ExpenseExampleYear03>
    <rr:ExpenseExampleWithRedemptionTableTextBlock contextRef="AsOf2019-03-08_custom_S000061584Member">&lt;div style="display: none"&gt;~ http://xbrl.sec.gov/rr/role/ExpenseExample column period compact * column dei_LegalEntityAxis compact ck0001727398_S000061584Member column rr_ProspectusShareClassAxis compact * row primary compact * ~&lt;/div&gt;</rr:ExpenseExampleWithRedemptionTableTextBlock>
    <rr:ExpenseBreakpointMinimumInvestmentRequiredAmount contextRef="AsOf2019-03-08_custom_S000061584Member" unitRef="USD" decimals="0">10000</rr:ExpenseBreakpointMinimumInvestmentRequiredAmount>
    <rr:RiskLoseMoney contextRef="AsOf2019-03-08_custom_S000061584Member">&lt;p style="font: 8pt Times New Roman, Times, Serif"&gt;&lt;font style="font: 8pt Times New Roman, Times, Serif"&gt;The&#13;value of an investment in the Fund will fluctuate and you could lose money by investing in the Fund.&lt;/font&gt;&lt;/p&gt;</rr:RiskLoseMoney>
    <rr:PerformanceOneYearOrLess contextRef="AsOf2019-03-08_custom_S000061584Member">&lt;p style="font: 8pt Times New Roman, Times, Serif"&gt;&lt;font style="font: 8pt Times New Roman, Times, Serif"&gt;As&#13;of the date of this Prospectus, the Fund has not yet commenced operations and therefore does not report its performance information.&lt;/font&gt;&lt;/p&gt;</rr:PerformanceOneYearOrLess>
</xbrli:xbrl>
